Workbook

Sheet Main
B1: Site | C1: Period | D1: Dataset | E1: x | F1: y | G1: IGBP_site | H1: Climate_site | I1: Climate_KG0p01 | J1: Climate_l1 | K1: Crop type | L1: Irrigation
A2: 0 | B2: AR-TF1 | C2: 2016-2018 | D2: AMF | E2: -66.7335 | F2: -54.9733 | G2: =VLOOKUP(B2,AMF!$A$2:$G$691,7,FALSE) -> WET | H2: =VLOOKUP(B2,AMF!$A$2:$I$691,9,FALSE) -> 0 | I2: ET | J2: =LEFT(I2,1) -> E
A3: 1 | B3: CA-Cbo | C3: 1994-2020 | D3: AMF | E3: -79.9333 | F3: 44.3167 | G3: =VLOOKUP(B3,AMF!$A$2:$G$691,7,FALSE) -> DBF | H3: =VLOOKUP(B3,AMF!$A$2:$I$691,9,FALSE) -> Dfb | I3: Dfb | J3: =LEFT(I3,1) -> D
A4: 2 | B4: CA-DB2 | C4: 2019-2020 | D4: AMF | E4: -122.9951 | F4: 49.119 | G4: =VLOOKUP(B4,AMF!$A$2:$G$691,7,FALSE) -> WET | H4: =VLOOKUP(B4,AMF!$A$2:$I$691,9,FALSE) -> 0 | I4: Csb | J4: =LEFT(I4,1) -> C
A5: 3 | B5: CA-DBB | C5: 2014-2020 | D5: AMF | E5: -122.9849 | F5: 49.1293 | G5: =VLOOKUP(B5,AMF!$A$2:$G$691,7,FALSE) -> WET | H5: =VLOOKUP(B5,AMF!$A$2:$I$691,9,FALSE) -> Csb | I5: Csb | J5: =LEFT(I5,1) -> C
A6: 4 | B6: CA-ER1 | C6: 2015-2020 | D6: AMF | E6: -80.4123 | F6: 43.6405 | G6: =VLOOKUP(B6,AMF!$A$2:$G$691,7,FALSE) -> CRO | H6: =VLOOKUP(B6,AMF!$A$2:$I$691,9,FALSE) -> Dfb | I6: Dfb | J6: =LEFT(I6,1) -> D | K6: Corn
A7: 5 | B7: CA-LP1 | C7: 2007-2020 | D7: AMF | E7: -122.8414 | F7: 55.1119 | G7: =VLOOKUP(B7,AMF!$A$2:$G$691,7,FALSE) -> ENF | H7: =VLOOKUP(B7,AMF!$A$2:$I$691,9,FALSE) -> Csa | I7: Dfb | J7: =LEFT(I7,1) -> D
A8: 6 | B8: PE-QFR | C8: 2018-2019 | D8: AMF | E8: -73.319 | F8: -3.8344 | G8: =VLOOKUP(B8,AMF!$A$2:$G$691,7,FALSE) -> WET | H8: =VLOOKUP(B8,AMF!$A$2:$I$691,9,FALSE) -> Af | I8: Af | J8: =LEFT(I8,1) -> A
A9: 7 | B9: US-ALQ | C9: 2015-2021 | D9: AMF | E9: -89.6067 | F9: 46.0308 | G9: =VLOOKUP(B9,AMF!$A$2:$G$691,7,FALSE) -> WET | H9: =VLOOKUP(B9,AMF!$A$2:$I$691,9,FALSE) -> Dfb | I9: Dfb | J9: =LEFT(I9,1) -> D
A10: 8 | B10: US-ARM | C10: 2003-2020 | D10: AMF | E10: -97.4888 | F10: 36.6058 | G10: =VLOOKUP(B10,AMF!$A$2:$G$691,7,FALSE) -> CRO | H10: =VLOOKUP(B10,AMF!$A$2:$I$691,9,FALSE) -> Cfa | I10: Cfa | J10: =LEFT(I10,1) -> C | K10: winter wheat, corn, soy, alfalfa
A11: 9 | B11: US-Bar | C11: 2004-2021 | D11: AMF | E11: -71.2881 | F11: 44.0646 | G11: =VLOOKUP(B11,AMF!$A$2:$G$691,7,FALSE) -> DBF | H11: =VLOOKUP(B11,AMF!$A$2:$I$691,9,FALSE) -> Dfb | I11: Dfb | J11: =LEFT(I11,1) -> D
A12: 10 | B12: US-Bi1 | C12: 2016-2021 | D12: AMF | E12: -121.4993 | F12: 38.0992 | G12: =VLOOKUP(B12,AMF!$A$2:$G$691,7,FALSE) -> CRO | H12: =VLOOKUP(B12,AMF!$A$2:$I$691,9,FALSE) -> Csa | I12: Csa | J12: =LEFT(I12,1) -> C | K12: alfalfa
A13: 11 | B13: US-Bi2 | C13: 2017-2021 | D13: AMF | E13: -121.5351 | F13: 38.1091 | G13: =VLOOKUP(B13,AMF!$A$2:$G$691,7,FALSE) -> CRO | H13: =VLOOKUP(B13,AMF!$A$2:$I$691,9,FALSE) -> Csa | I13: Csa | J13: =LEFT(I13,1) -> C | K13: Corn
A14: 12 | B14: US-BRG | C14: 2016-2020 | D14: AMF | E14: -86.5406 | F14: 39.2167 | G14: =VLOOKUP(B14,AMF!$A$2:$G$691,7,FALSE) -> GRA | H14: =VLOOKUP(B14,AMF!$A$2:$I$691,9,FALSE) -> Cfa | I14: Dfa | J14: =LEFT(I14,1) -> D
A15: 13 | B15: US-BZB | C15: 2011-2021 | D15: AMF | E15: -148.3208 | F15: 64.6955 | G15: =VLOOKUP(B15,AMF!$A$2:$G$691,7,FALSE) -> WET | H15: =VLOOKUP(B15,AMF!$A$2:$I$691,9,FALSE) -> Dfd | I15: Dfb | J15: =LEFT(I15,1) -> D
A16: 14 | B16: US-BZF | C16: 2011-2021 | D16: AMF | E16: -148.3121 | F16: 64.7013 | G16: =VLOOKUP(B16,AMF!$A$2:$G$691,7,FALSE) -> WET | H16: =VLOOKUP(B16,AMF!$A$2:$I$691,9,FALSE) -> Dfd | I16: Dfb | J16: =LEFT(I16,1) -> D
A17: 15 | B17: US-BZo | C17: 2018-2021 | D17: AMF | E17: -148.33 | F17: 64.6936 | G17: =VLOOKUP(B17,AMF!$A$2:$G$691,7,FALSE) -> WET | H17: =VLOOKUP(B17,AMF!$A$2:$I$691,9,FALSE) -> Dfd | I17: Dfb | J17: =LEFT(I17,1) -> D
A18: 16 | B18: US-BZS | C18: 2010-2021 | D18: AMF | E18: -148.3235 | F18: 64.6963 | G18: =VLOOKUP(B18,AMF!$A$2:$G$691,7,FALSE) -> ENF | H18: =VLOOKUP(B18,AMF!$A$2:$I$691,9,FALSE) -> Dfd | I18: Dfb | J18: =LEFT(I18,1) -> D
A19: 17 | B19: US-CF1 | C19: 2017-2020 | D19: AMF | E19: -117.0821 | F19: 46.7815 | G19: =VLOOKUP(B19,AMF!$A$2:$G$691,7,FALSE) -> CRO | H19: =VLOOKUP(B19,AMF!$A$2:$I$691,9,FALSE) -> Dsb | I19: Dsb | J19: =LEFT(I19,1) -> D | K19: Wheat / Garbanzo | L19: None
A20: 18 | B20: US-CF2 | C20: 2017-2020 | D20: AMF | E20: -117.0908 | F20: 46.784 | G20: =VLOOKUP(B20,AMF!$A$2:$G$691,7,FALSE) -> CRO | H20: =VLOOKUP(B20,AMF!$A$2:$I$691,9,FALSE) -> Dsb | I20: Dsb | J20: =LEFT(I20,1) -> D | K20: Wheat / Garbanzo | L20: None
A21: 19 | B21: US-CF3 | C21: 2017-2021 | D21: AMF | E21: -117.1261 | F21: 46.7551 | G21: =VLOOKUP(B21,AMF!$A$2:$G$691,7,FALSE) -> CRO | H21: =VLOOKUP(B21,AMF!$A$2:$I$691,9,FALSE) -> Dsb | I21: Dsb | J21: =LEFT(I21,1) -> D | K21: Wheat / Garbanzo | L21: None
A22: 20 | B22: US-CF4 | C22: 2017-2021 | D22: AMF | E22: -117.1285 | F22: 46.7518 | G22: =VLOOKUP(B22,AMF!$A$2:$G$691,7,FALSE) -> CRO | H22: =VLOOKUP(B22,AMF!$A$2:$I$691,9,FALSE) -> Dsb | I22: Dsb | J22: =LEFT(I22,1) -> D | K22: Wheat / Garbanzo | L22: None
A23: 21 | B23: US-CS1 | C23: 2018-2019 | D23: AMF | E23: -89.5379 | F23: 44.1031 | G23: =VLOOKUP(B23,AMF!$A$2:$G$691,7,FALSE) -> CRO | H23: =VLOOKUP(B23,AMF!$A$2:$I$691,9,FALSE) -> Dfa | I23: Dfb | J23: =LEFT(I23,1) -> D | K23: Potato | L23: Center-Pivot
A24: 22 | B24: US-CS2 | C24: 2018-2021 | D24: AMF | E24: -89.5002 | F24: 44.1467 | G24: =VLOOKUP(B24,AMF!$A$2:$G$691,7,FALSE) -> ENF | H24: =VLOOKUP(B24,AMF!$A$2:$I$691,9,FALSE) -> Dfa | I24: Dfb | J24: =LEFT(I24,1) -> D
A25: 23 | B25: US-CS3 | C25: 2019-2020 | D25: AMF | E25: -89.5727 | F25: 44.1394 | G25: =VLOOKUP(B25,AMF!$A$2:$G$691,7,FALSE) -> CRO | H25: =VLOOKUP(B25,AMF!$A$2:$I$691,9,FALSE) -> Dfa | I25: Dfb | J25: =LEFT(I25,1) -> D | K25: Potato | L25: Center-Pivot
A26: 24 | B26: US-CS4 | C26: 2020-2021 | D26: AMF | E26: -89.5475 | F26: 44.1597 | G26: =VLOOKUP(B26,AMF!$A$2:$G$691,7,FALSE) -> CRO | H26: =VLOOKUP(B26,AMF!$A$2:$I$691,9,FALSE) -> Dfa | I26: Dfb | J26: =LEFT(I26,1) -> D | K26: Potato | L26: Center-Pivot
A27: 25 | B27: US-DFC | C27: 2018-2021 | D27: AMF | E27: -89.7117 | F27: 43.3448 | G27: =VLOOKUP(B27,AMF!$A$2:$G$691,7,FALSE) -> CRO | H27: =VLOOKUP(B27,AMF!$A$2:$I$691,9,FALSE) -> Dfb | I27: Dfa | J27: =LEFT(I27,1) -> D | K27: alfalfa, corn, soybean and wheat,
A28: 26 | B28: US-DS3 | C28: 2021-2021 | D28: AMF | E28: -121.549 | F28: 38.1235 | G28: =VLOOKUP(B28,AMF!$A$2:$G$691,7,FALSE) -> CRO | H28: =VLOOKUP(B28,AMF!$A$2:$I$691,9,FALSE) -> Csa | I28: Csa | J28: =LEFT(I28,1) -> C | K28: rice
A29: 27 | B29: US-EDN | C29: 2018-2019 | D29: AMF | E29: -122.114 | F29: 37.6156 | G29: =VLOOKUP(B29,AMF!$A$2:$G$691,7,FALSE) -> WET | H29: =VLOOKUP(B29,AMF!$A$2:$I$691,9,FALSE) -> Csa | I29: Csb | J29: =LEFT(I29,1) -> C
A30: 28 | B30: US-EML | C30: 2008-2020 | D30: AMF | E30: -149.2536 | F30: 63.8784 | G30: =VLOOKUP(B30,AMF!$A$2:$G$691,7,FALSE) -> OSH | H30: =VLOOKUP(B30,AMF!$A$2:$I$691,9,FALSE) -> ET | I30: Dfc | J30: =LEFT(I30,1) -> D
A31: 29 | B31: US-GLE | C31: 2005-2020 | D31: AMF | E31: -106.2399 | F31: 41.3665 | G31: =VLOOKUP(B31,AMF!$A$2:$G$691,7,FALSE) -> ENF | H31: =VLOOKUP(B31,AMF!$A$2:$I$691,9,FALSE) -> Dfc | I31: Dfc | J31: =LEFT(I31,1) -> D
A32: 30 | B32: US-Ha1 | C32: 1991-2020 | D32: AMF | E32: -72.1715 | F32: 42.5378 | G32: =VLOOKUP(B32,AMF!$A$2:$G$691,7,FALSE) -> DBF | H32: =VLOOKUP(B32,AMF!$A$2:$I$691,9,FALSE) -> Dfb | I32: Dfb | J32: =LEFT(I32,1) -> D
A33: 31 | B33: US-HB1 | C33: 2019-2019 | D33: AMF | E33: -79.1957 | F33: 33.3455 | G33: =VLOOKUP(B33,AMF!$A$2:$G$691,7,FALSE) -> WET | H33: =VLOOKUP(B33,AMF!$A$2:$I$691,9,FALSE) -> Cfa | I33: Cfa | J33: =LEFT(I33,1) -> C
A34: 32 | B34: US-HB2 | C34: 2019-2019 | D34: AMF | E34: -79.244 | F34: 33.3242 | G34: =VLOOKUP(B34,AMF!$A$2:$G$691,7,FALSE) -> ENF | H34: =VLOOKUP(B34,AMF!$A$2:$I$691,9,FALSE) -> Cfa | I34: Cfa | J34: =LEFT(I34,1) -> C
A35: 33 | B35: US-HB3 | C35: 2019-2021 | D35: AMF | E35: -79.2322 | F35: 33.3482 | G35: =VLOOKUP(B35,AMF!$A$2:$G$691,7,FALSE) -> ENF | H35: =VLOOKUP(B35,AMF!$A$2:$I$691,9,FALSE) -> Cfa | I35: Cfa | J35: =LEFT(I35,1) -> C
A36: 34 | B36: US-Hn2 | C36: 2015-2018 | D36: AMF | E36: -119.4641 | F36: 46.6889 | G36: =VLOOKUP(B36,AMF!$A$2:$G$691,7,FALSE) -> GRA | H36: =VLOOKUP(B36,AMF!$A$2:$I$691,9,FALSE) -> Bsk | I36: BWk | J36: =LEFT(I36,1) -> B
A37: 35 | B37: US-Hn3 | C37: 2017-2018 | D37: AMF | E37: -119.4614 | F37: 46.6878 | G37: =VLOOKUP(B37,AMF!$A$2:$G$691,7,FALSE) -> OSH | H37: =VLOOKUP(B37,AMF!$A$2:$I$691,9,FALSE) -> Bsk | I37: BWk | J37: =LEFT(I37,1) -> B
A38: 36 | B38: US-Ho2 | C38: 1999-2020 | D38: AMF | E38: -68.747 | F38: 45.2091 | G38: =VLOOKUP(B38,AMF!$A$2:$G$691,7,FALSE) -> ENF | H38: =VLOOKUP(B38,AMF!$A$2:$I$691,9,FALSE) -> Dfb | I38: Dfb | J38: =LEFT(I38,1) -> D
A39: 37 | B39: US-HWB | C39: 2015-2018 | D39: AMF | E39: -77.8488 | F39: 40.8608 | G39: =VLOOKUP(B39,AMF!$A$2:$G$691,7,FALSE) -> CVM | H39: =VLOOKUP(B39,AMF!$A$2:$I$691,9,FALSE) -> Dfb | I39: Dfa | J39: =LEFT(I39,1) -> D
A40: 38 | B40: US-ICh | C40: 2007-2021 | D40: AMF | E40: -149.2958 | F40: 68.6068 | G40: =VLOOKUP(B40,AMF!$A$2:$G$691,7,FALSE) -> OSH | H40: =VLOOKUP(B40,AMF!$A$2:$I$691,9,FALSE) -> ET | I40: Dfc | J40: =LEFT(I40,1) -> D
... A51: 49 | B51: US-MMS | C51: 1999-2020 | D51: AMF | E51: -86.4131 | F51: 39.3232 | G51: =VLOOKUP(B51,AMF!$A$2:$G$691,7,FALSE) -> DBF | H51: =VLOOKUP(B51,AMF!$A$2:$I$691,9,FALSE) -> Cfa | I51: Dfa | J51: =LEFT(I51,1) -> D
A52: 50 | B52: US-Mo1 | C52: 2015-2021 | D52: AMF | E52: -92.1167 | F52: 39.2298 | G52: =VLOOKUP(B52,AMF!$A$2:$G$691,7,FALSE) -> CRO | H52: =VLOOKUP(B52,AMF!$A$2:$I$691,9,FALSE) -> Cfa | I52: Dfa | J52: =LEFT(I52,1) -> D | K52: corn-soybean-wheat-hay rotation.
A53: 51 | B53: US-Mo2 | C53: 2018-2021 | D53: AMF | E53: -91.9945 | F53: 38.9488 | G53: =VLOOKUP(B53,AMF!$A$2:$G$691,7,FALSE) -> GRA | H53: =VLOOKUP(B53,AMF!$A$2:$I$691,9,FALSE) -> Cfa | I53: Dfa | J53: =LEFT(I53,1) -> D
A54: 52 | B54: US-Mo3 | C54: 2016-2021 | D54: AMF | E54: -92.1497 | F54: 39.2311 | G54: =VLOOKUP(B54,AMF!$A$2:$G$691,7,FALSE) -> CRO | H54: =VLOOKUP(B54,AMF!$A$2:$I$691,9,FALSE) -> Cfa | I54: Dfa | J54: =LEFT(I54,1) -> D | K54: corn-soybean rotation
A55: 53 | B55: US-MOz | C55: 2004-2019 | D55: AMF | E55: -92.2 | F55: 38.7441 | G55: =VLOOKUP(B55,AMF!$A$2:$G$691,7,FALSE) -> DBF | H55: =VLOOKUP(B55,AMF!$A$2:$I$691,9,FALSE) -> Cfa | I55: Dfa | J55: =LEFT(I55,1) -> D
A56: 54 | B56: US-Mpj | C56: 2008-2020 | D56: AMF | E56: -106.2377 | F56: 34.4385 | G56: =VLOOKUP(B56,AMF!$A$2:$G$691,7,FALSE) -> WSA | H56: =VLOOKUP(B56,AMF!$A$2:$I$691,9,FALSE) -> Bsk | I56: BSk | J56: =LEFT(I56,1) -> B
A57: 55 | B57: US-Myb | C57: 2010-2021 | D57: AMF | E57: -121.765 | F57: 38.0499 | G57: =VLOOKUP(B57,AMF!$A$2:$G$691,7,FALSE) -> WET | H57: =VLOOKUP(B57,AMF!$A$2:$I$691,9,FALSE) -> Csa | I57: Csa | J57: =LEFT(I57,1) -> C
A58: 56 | B58: US-NC3 | C58: 2013-2021 | D58: AMF | E58: -76.656 | F58: 35.799 | G58: =VLOOKUP(B58,AMF!$A$2:$G$691,7,FALSE) -> ENF | H58: =VLOOKUP(B58,AMF!$A$2:$I$691,9,FALSE) -> Cfa | I58: Cfa | J58: =LEFT(I58,1) -> C
A59: 57 | B59: US-NC4 | C59: 2009-2021 | D59: AMF | E59: -75.9038 | F59: 35.7879 | G59: =VLOOKUP(B59,AMF!$A$2:$G$691,7,FALSE) -> WET | H59: =VLOOKUP(B59,AMF!$A$2:$I$691,9,FALSE) -> Cfa | I59: Cfa | J59: =LEFT(I59,1) -> C
A60: 58 | B60: US-Ne1 | C60: 2001-2020 | D60: AMF | E60: -96.4766 | F60: 41.1651 | G60: =VLOOKUP(B60,AMF!$A$2:$G$691,7,FALSE) -> CRO | H60: =VLOOKUP(B60,AMF!$A$2:$I$691,9,FALSE) -> Dfa | I60: Dfa | J60: =LEFT(I60,1) -> D | K60: Maize | L60: Center-Pivot
A61: 59 | B61: US-NGB | C61: 2012-2019 | D61: AMF | E61: -156.6092 | F61: 71.28 | G61: =VLOOKUP(B61,AMF!$A$2:$G$691,7,FALSE) -> SNO | H61: =VLOOKUP(B61,AMF!$A$2:$I$691,9,FALSE) -> ET | I61: ET | J61: =LEFT(I61,1) -> E
A62: 60 | B62: US-NGC | C62: 2017-2019 | D62: AMF | E62: -163.7002 | F62: 64.8618 | G62: =VLOOKUP(B62,AMF!$A$2:$G$691,7,FALSE) -> GRA | H62: =VLOOKUP(B62,AMF!$A$2:$I$691,9,FALSE) -> ET | I62: Dfc | J62: =LEFT(I62,1) -> D
A63: 61 | B63: US-ONA | C63: 2015-2020 | D63: AMF | E63: -81.9509 | F63: 27.3836 | G63: =VLOOKUP(B63,AMF!$A$2:$G$691,7,FALSE) -> GRA | H63: =VLOOKUP(B63,AMF!$A$2:$I$691,9,FALSE) -> Cfa | I63: Cfa | J63: =LEFT(I63,1) -> C
A64: 62 | B64: US-Pnp | C64: 2016-2021 | D64: AMF | E64: -89.4158 | F64: 43.0896 | G64: =VLOOKUP(B64,AMF!$A$2:$G$691,7,FALSE) -> WAT | H64: =VLOOKUP(B64,AMF!$A$2:$I$691,9,FALSE) -> Dfa | I64: Dfa | J64: =LEFT(I64,1) -> D
A65: 63 | B65: US-RGA | C65: 2021-2021 | D65: AMF | E65: -91.6733 | F65: 34.4159 | G65: =VLOOKUP(B65,AMF!$A$2:$G$691,7,FALSE) -> CRO | H65: =VLOOKUP(B65,AMF!$A$2:$I$691,9,FALSE) -> Csa | I65: Cfa | J65: =LEFT(I65,1) -> C | K65: corn-soy rotation
A66: 64 | B66: US-RGB | C66: 2021-2021 | D66: AMF | E66: -121.8579 | F66: 39.5782 | G66: =VLOOKUP(B66,AMF!$A$2:$G$691,7,FALSE) -> CRO | H66: =VLOOKUP(B66,AMF!$A$2:$I$691,9,FALSE) -> Csa | I66: Csa | J66: =LEFT(I66,1) -> C | K66: mid-grain japonica rice
A67: 65 | B67: US-RGo | C67: 2021-2021 | D67: AMF | E67: -122.0026 | F67: 39.6805 | G67: =VLOOKUP(B67,AMF!$A$2:$G$691,7,FALSE) -> CRO | H67: =VLOOKUP(B67,AMF!$A$2:$I$691,9,FALSE) -> Csa | I67: Csa | J67: =LEFT(I67,1) -> C | K67: medium-grain brown rice
A68: 66 | B68: US-Rls | C68: 2014-2021 | D68: AMF | E68: -116.7356 | F68: 43.1439 | G68: =VLOOKUP(B68,AMF!$A$2:$G$691,7,FALSE) -> CSH | H68: =VLOOKUP(B68,AMF!$A$2:$I$691,9,FALSE) -> Bsh | I68: BSk | J68: =LEFT(I68,1) -> B
A69: 67 | B69: US-Rms | C69: 2014-2020 | D69: AMF | E69: -116.7486 | F69: 43.0645 | G69: =VLOOKUP(B69,AMF!$A$2:$G$691,7,FALSE) -> CSH | H69: =VLOOKUP(B69,AMF!$A$2:$I$691,9,FALSE) -> Bsh | I69: Dsb | J69: =LEFT(I69,1) -> D
A70: 68 | B70: US-Ro4 | C70: 2014-2021 | D70: AMF | E70: -93.0723 | F70: 44.6781 | G70: =VLOOKUP(B70,AMF!$A$2:$G$691,7,FALSE) -> GRA | H70: =VLOOKUP(B70,AMF!$A$2:$I$691,9,FALSE) -> Dfa | I70: Dfa | J70: =LEFT(I70,1) -> D
A71: 69 | B71: US-Ro5 | C71: 2017-2020 | D71: AMF | E71: -93.0576 | F71: 44.691 | G71: =VLOOKUP(B71,AMF!$A$2:$G$691,7,FALSE) -> CRO | H71: =VLOOKUP(B71,AMF!$A$2:$I$691,9,FALSE) -> Dfa | I71: Dfa | J71: =LEFT(I71,1) -> D | K71: Maize / Soy | L71: None
A72: 70 | B72: US-Ro6 | C72: 2017-2021 | D72: AMF | E72: -93.0578 | F72: 44.6946 | G72: =VLOOKUP(B72,AMF!$A$2:$G$691,7,FALSE) -> CRO | H72: =VLOOKUP(B72,AMF!$A$2:$I$691,9,FALSE) -> Dfa | I72: Dfa | J72: =LEFT(I72,1) -> D | K72: Maize / Soy / Clover | L72: None
A73: 71 | B73: US-Rpf | C73: 2008-2021 | D73: AMF | E73: -147.429 | F73: 65.1198 | G73: =VLOOKUP(B73,AMF!$A$2:$G$691,7,FALSE) -> DBF | H73: =VLOOKUP(B73,AMF!$A$2:$I$691,9,FALSE) -> Dwc | I73: Dfc | J73: =LEFT(I73,1) -> D
A74: 72 | B74: US-Rwf | C74: 2014-2020 | D74: AMF | E74: -116.7231 | F74: 43.1207 | G74: =VLOOKUP(B74,AMF!$A$2:$G$691,7,FALSE) -> CSH | H74: =VLOOKUP(B74,AMF!$A$2:$I$691,9,FALSE) -> Bsh | I74: Dsb | J74: =LEFT(I74,1) -> D
A75: 73 | B75: US-Rws | C75: 2014-2020 | D75: AMF | E75: -116.7132 | F75: 43.1675 | G75: =VLOOKUP(B75,AMF!$A$2:$G$691,7,FALSE) -> OSH | H75: =VLOOKUP(B75,AMF!$A$2:$I$691,9,FALSE) -> Bsk | I75: BSk | J75: =LEFT(I75,1) -> B
A76: 74 | B76: US-Seg | C76: 2007-2021 | D76: AMF | E76: -106.702 | F76: 34.3623 | G76: =VLOOKUP(B76,AMF!$A$2:$G$691,7,FALSE) -> GRA | H76: =VLOOKUP(B76,AMF!$A$2:$I$691,9,FALSE) -> Bsk | I76: BWk | J76: =LEFT(I76,1) -> B
A77: 75 | B77: US-Ses | C77: 2007-2021 | D77: AMF | E77: -106.7442 | F77: 34.3349 | G77: =VLOOKUP(B77,AMF!$A$2:$G$691,7,FALSE) -> OSH | H77: =VLOOKUP(B77,AMF!$A$2:$I$691,9,FALSE) -> Bsk | I77: BWk | J77: =LEFT(I77,1) -> B
A78: 76 | B78: US-Sne | C78: 2016-2020 | D78: AMF | E78: -121.7547 | F78: 38.0369 | G78: =VLOOKUP(B78,AMF!$A$2:$G$691,7,FALSE) -> GRA | H78: =VLOOKUP(B78,AMF!$A$2:$I$691,9,FALSE) -> Csa | I78: Csa | J78: =LEFT(I78,1) -> C
A79: 77 | B79: US-Snf | C79: 2018-2020 | D79: AMF | E79: -121.7272 | F79: 38.0402 | G79: =VLOOKUP(B79,AMF!$A$2:$G$691,7,FALSE) -> GRA | H79: =VLOOKUP(B79,AMF!$A$2:$I$691,9,FALSE) -> Csa | I79: Csa | J79: =LEFT(I79,1) -> C
A80: 78 | B80: US-SRG | C80: 2008-2021 | D80: AMF | E80: -110.8277 | F80: 31.7894 | G80: =VLOOKUP(B80,AMF!$A$2:$G$691,7,FALSE) -> GRA | H80: =VLOOKUP(B80,AMF!$A$2:$I$691,9,FALSE) -> Bsk | I80: BSh | J80: =LEFT(I80,1) -> B
A81: 79 | B81: US-SRS | C81: 2011-2018 | D81: AMF | E81: -110.8508 | F81: 31.8173 | G81: =VLOOKUP(B81,AMF!$A$2:$G$691,7,FALSE) -> WSA | H81: =VLOOKUP(B81,AMF!$A$2:$I$691,9,FALSE) -> Bsk | I81: BSh | J81: =LEFT(I81,1) -> B
A82: 80 | B82: US-Syv | C82: 2001-2021 | D82: AMF | E82: -89.3477 | F82: 46.242 | G82: =VLOOKUP(B82,AMF!$A$2:$G$691,7,FALSE) -> MF | H82: =VLOOKUP(B82,AMF!$A$2:$I$691,9,FALSE) -> Dfb | I82: Dfb | J82: =LEFT(I82,1) -> D
A83: 81 | B83: US-Ton | C83: 2001-2021 | D83: AMF | E83: -120.966 | F83: 38.4309 | G83: =VLOOKUP(B83,AMF!$A$2:$G$691,7,FALSE) -> WSA | H83: =VLOOKUP(B83,AMF!$A$2:$I$691,9,FALSE) -> Csa | I83: Csa | J83: =LEFT(I83,1) -> C
A84: 82 | B84: US-Tw1 | C84: 2011-2020 | D84: AMF | E84: -121.6469 | F84: 38.1074 | G84: =VLOOKUP(B84,AMF!$A$2:$G$691,7,FALSE) -> WET | H84: =VLOOKUP(B84,AMF!$A$2:$I$691,9,FALSE) -> Csa | I84: Csa | J84: =LEFT(I84,1) -> C
A85: 83 | B85: US-Tw3 | C85: 2013-2018 | D85: AMF | E85: -121.6469 | F85: 38.1152 | G85: =VLOOKUP(B85,AMF!$A$2:$G$691,7,FALSE) -> CRO | H85: =VLOOKUP(B85,AMF!$A$2:$I$691,9,FALSE) -> Csa | I85: Csa | J85: =LEFT(I85,1) -> C | K85: Alfafa
A86: 84 | B86: US-Tw4 | C86: 2013-2021 | D86: AMF | E86: -121.6413 | F86: 38.1027 | G86: =VLOOKUP(B86,AMF!$A$2:$G$691,7,FALSE) -> WET | H86: =VLOOKUP(B86,AMF!$A$2:$I$691,9,FALSE) -> Csa | I86: Csa | J86: =LEFT(I86,1) -> C
A87: 85 | B87: US-Tw5 | C87: 2018-2019 | D87: AMF | E87: -121.6426 | F87: 38.1072 | G87: =VLOOKUP(B87,AMF!$A$2:$G$691,7,FALSE) -> WET | H87: =VLOOKUP(B87,AMF!$A$2:$I$691,9,FALSE) -> Csa | I87: Csa | J87: =LEFT(I87,1) -> C
A88: 86 | B88: US-UMB | C88: 2007-2021 | D88: AMF | E88: -84.7138 | F88: 45.5598 | G88: =VLOOKUP(B88,AMF!$A$2:$G$691,7,FALSE) -> DBF | H88: =VLOOKUP(B88,AMF!$A$2:$I$691,9,FALSE) -> Dfb | I88: Dfb | J88: =LEFT(I88,1) -> D
A89: 87 | B89: US-UMd | C89: 2007-2021 | D89: AMF | E89: -84.6975 | F89: 45.5625 | G89: =VLOOKUP(B89,AMF!$A$2:$G$691,7,FALSE) -> DBF | H89: =VLOOKUP(B89,AMF!$A$2:$I$691,9,FALSE) -> Dfb | I89: Dfb | J89: =LEFT(I89,1) -> D
A90: 88 | B90: US-Var | C90: 2000-2021 | D90: AMF | E90: -120.9508 | F90: 38.4133 | G90: =VLOOKUP(B90,AMF!$A$2:$G$691,7,FALSE) -> GRA | H90: =VLOOKUP(B90,AMF!$A$2:$I$691,9,FALSE) -> Csa | I90: Csa | J90: =LEFT(I90,1) -> C
A91: 89 | B91: US-Vcm | C91: 2007-2021 | D91: AMF | E91: -106.5321 | F91: 35.8884 | G91: =VLOOKUP(B91,AMF!$A$2:$G$691,7,FALSE) -> ENF | H91: =VLOOKUP(B91,AMF!$A$2:$I$691,9,FALSE) -> Dfb | I91: Dfb | J91: =LEFT(I91,1) -> D
A92: 90 | B92: US-Vcp | C92: 2007-2021 | D92: AMF | E92: -106.5967 | F92: 35.8642 | G92: =VLOOKUP(B92,AMF!$A$2:$G$691,7,FALSE) -> ENF | H92: =VLOOKUP(B92,AMF!$A$2:$I$691,9,FALSE) -> Dfb | I92: Dfb | J92: =LEFT(I92,1) -> D
A93: 91 | B93: US-Whs | C93: 2007-2020 | D93: AMF | E93: -110.0522 | F93: 31.7438 | G93: =VLOOKUP(B93,AMF!$A$2:$G$691,7,FALSE) -> OSH | H93: =VLOOKUP(B93,AMF!$A$2:$I$691,9,FALSE) -> Bsk | I93: BSk | J93: =LEFT(I93,1) -> B
A94: 92 | B94: US-Wi0 | C94: 2002-2002 | D94: AMF | E94: -91.0814 | F94: 46.6188 | G94: =VLOOKUP(B94,AMF!$A$2:$G$691,7,FALSE) -> ENF | H94: =VLOOKUP(B94,AMF!$A$2:$I$691,9,FALSE) -> Dfb | I94: Dfb | J94: =LEFT(I94,1) -> D
A95: 93 | B95: US-Wjs | C95: 2007-2021 | D95: AMF | E95: -105.8615 | F95: 34.4255 | G95: =VLOOKUP(B95,AMF!$A$2:$G$691,7,FALSE) -> SAV | H95: =VLOOKUP(B95,AMF!$A$2:$I$691,9,FALSE) -> Bsk | I95: BSk | J95: =LEFT(I95,1) -> B
A96: 94 | B96: US-Wkg | C96: 2004-2021 | D96: AMF | E96: -109.9419 | F96: 31.7365 | G96: =VLOOKUP(B96,AMF!$A$2:$G$691,7,FALSE) -> GRA | H96: =VLOOKUP(B96,AMF!$A$2:$I$691,9,FALSE) -> Bsk | I96: BSk | J96: =LEFT(I96,1) -> B
A97: 95 | B97: US-xAB | C97: 2019-2021 | D97: AMF | E97: -122.3303 | F97: 45.7624 | G97: =VLOOKUP(B97,AMF!$A$2:$G$691,7,FALSE) -> ENF | H97: =VLOOKUP(B97,AMF!$A$2:$I$691,9,FALSE) -> Csb | I97: Csb | J97: =LEFT(I97,1) -> C
... A124: 122 | B124: US-xSJ | C124: 2019-2021 | D124: AMF | E124: -119.7323 | F124: 37.1088 | G124: =VLOOKUP(B124,AMF!$A$2:$G$691,7,FALSE) -> SAV | H124: =VLOOKUP(B124,AMF!$A$2:$I$691,9,FALSE) -> Csa | I124: Csa | J124: =LEFT(I124,1) -> C
A125: 123 | B125: US-xSL | C125: 2019-2021 | D125: AMF | E125: -103.0293 | F125: 40.4619 | G125: =VLOOKUP(B125,AMF!$A$2:$G$691,7,FALSE) -> CRO | H125: =VLOOKUP(B125,AMF!$A$2:$I$691,9,FALSE) -> Bsk | I125: BSk | J125: =LEFT(I125,1) -> B | K125: winter wheat, millet, and maize
A126: 124 | B126: US-xSR | C126: 2017-2021 | D126: AMF | E126: -110.8355 | F126: 31.9107 | G126: =VLOOKUP(B126,AMF!$A$2:$G$691,7,FALSE) -> OSH | H126: =VLOOKUP(B126,AMF!$A$2:$I$691,9,FALSE) -> Bsk | I126: BSh | J126: =LEFT(I126,1) -> B
A127: 125 | B127: US-xST | C127: 2017-2021 | D127: AMF | E127: -89.5864 | F127: 45.5089 | G127: =VLOOKUP(B127,AMF!$A$2:$G$691,7,FALSE) -> DBF | H127: =VLOOKUP(B127,AMF!$A$2:$I$691,9,FALSE) -> Dfb | I127: Dfb | J127: =LEFT(I127,1) -> D
A128: 126 | B128: US-xTA | C128: 2017-2021 | D128: AMF | E128: -87.3933 | F128: 32.9505 | G128: =VLOOKUP(B128,AMF!$A$2:$G$691,7,FALSE) -> ENF | H128: =VLOOKUP(B128,AMF!$A$2:$I$691,9,FALSE) -> Cfa | I128: Cfa | J128: =LEFT(I128,1) -> C
A129: 127 | B129: US-xTR | C129: 2017-2021 | D129: AMF | E129: -89.5857 | F129: 45.4937 | G129: =VLOOKUP(B129,AMF!$A$2:$G$691,7,FALSE) -> DBF | H129: =VLOOKUP(B129,AMF!$A$2:$I$691,9,FALSE) -> Dfb | I129: Dfb | J129: =LEFT(I129,1) -> D
A130: 128 | B130: US-xUK | C130: 2017-2021 | D130: AMF | E130: -95.1921 | F130: 39.0404 | G130: =VLOOKUP(B130,AMF!$A$2:$G$691,7,FALSE) -> DBF | H130: =VLOOKUP(B130,AMF!$A$2:$I$691,9,FALSE) -> Cfa | I130: Dfa | J130: =LEFT(I130,1) -> D
A131: 129 | B131: US-xUN | C131: 2017-2021 | D131: AMF | E131: -89.5373 | F131: 46.2339 | G131: =VLOOKUP(B131,AMF!$A$2:$G$691,7,FALSE) -> MF | H131: =VLOOKUP(B131,AMF!$A$2:$I$691,9,FALSE) -> Dfb | I131: Dfb | J131: =LEFT(I131,1) -> D
A132: 130 | B132: US-xWD | C132: 2019-2021 | D132: AMF | E132: -99.2414 | F132: 47.1282 | G132: =VLOOKUP(B132,AMF!$A$2:$G$691,7,FALSE) -> GRA | H132: =VLOOKUP(B132,AMF!$A$2:$I$691,9,FALSE) -> Dfb | I132: Dwb | J132: =LEFT(I132,1) -> D
A133: 131 | B133: US-xYE | C133: 2018-2021 | D133: AMF | E133: -110.5391 | F133: 44.9535 | G133: =VLOOKUP(B133,AMF!$A$2:$G$691,7,FALSE) -> ENF | H133: =VLOOKUP(B133,AMF!$A$2:$I$691,9,FALSE) -> Dfc | I133: Dfb | J133: =LEFT(I133,1) -> D
A134: 132 | B134: AU-Adr | C134: 2007-2009 | D134: OzFlux | E134: 131.1178 | F134: -13.0769 | G134: SAV | I134: Aw | J134: =LEFT(I134,1) -> A
A135: 133 | B135: AU-ASM | C135: 2010-2022 | D135: OzFlux | E135: 133.2493 | F135: -22.2828 | G135: =VLOOKUP(B135,FLUXNET2015!$A$3:$H$269,8,FALSE) -> SAV | I135: BWh | J135: =LEFT(I135,1) -> B
A136: 134 | B136: AU-Boy | C136: 2017-2022 | D136: OzFlux | E136: 116.9386 | F136: -32.4771 | G136: EBF | I136: Csa | J136: =LEFT(I136,1) -> C
...

Sheet Koppen-Geiger
A1: field_1 | B1: Site | C1: Period | D1: Dataset | E1: x | F1: y | G1: KG1 | H1: Class | K1: Code | L1: Class
A2: 0 | B2: AR-TF1 | C2: 2016-2018 | D2: AMF | E2: -66.7335 | F2: -54.9733 | G2: 29 | H2: =VLOOKUP(G2,$K$2:$L$31,2) -> ET | K2: 1 | L2: Af | M2: Tropical, rainforest | N2: [0 0 255]
A3: 1 | B3: CA-Cbo | C3: 1994-2020 | D3: AMF | E3: -79.9333 | F3: 44.3167 | G3: 26 | H3: =VLOOKUP(G3,$K$2:$L$31,2) -> Dfb | K3: 2 | L3: Am | M3: Tropical, monsoon | N3: [0 120 255]
A4: 2 | B4: CA-DB2 | C4: 2019-2020 | D4: AMF | E4: -122.9951 | F4: 49.119 | G4: 9 | H4: =VLOOKUP(G4,$K$2:$L$31,2) -> Csb | K4: 3 | L4: Aw | M4: Tropical, savannah | N4: [70 170 250]
A5: 3 | B5: CA-DBB | C5: 2014-2020 | D5: AMF | E5: -122.9849 | F5: 49.1293 | G5: 9 | H5: =VLOOKUP(G5,$K$2:$L$31,2) -> Csb | K5: 4 | L5: BWh | M5: Arid, desert, hot | N5: [255 0 0]
A6: 4 | B6: CA-ER1 | C6: 2015-2020 | D6: AMF | E6: -80.4123 | F6: 43.6405 | G6: 26 | H6: =VLOOKUP(G6,$K$2:$L$31,2) -> Dfb | K6: 5 | L6: BWk | M6: Arid, desert, cold | N6: [255 150 150]
A7: 5 | B7: CA-LP1 | C7: 2007-2020 | D7: AMF | E7: -122.8414 | F7: 55.1119 | G7: 26 | H7: =VLOOKUP(G7,$K$2:$L$31,2) -> Dfb | K7: 6 | L7: BSh | M7: Arid, steppe, hot | N7: [245 165 0]
A8: 6 | B8: PE-QFR | C8: 2018-2019 | D8: AMF | E8: -73.319 | F8: -3.8344 | G8: 1 | H8: =VLOOKUP(G8,$K$2:$L$31,2) -> Af | K8: 7 | L8: BSk | M8: Arid, steppe, cold | N8: [255 220 100]
A9: 7 | B9: US-ALQ | C9: 2015-2021 | D9: AMF | E9: -89.6067 | F9: 46.0308 | G9: 26 | H9: =VLOOKUP(G9,$K$2:$L$31,2) -> Dfb | K9: 8 | L9: Csa | M9: Temperate, dry summer, hot summer | N9: [255 255 0]
A10: 8 | B10: US-ARM | C10: 2003-2020 | D10: AMF | E10: -97.4888 | F10: 36.6058 | G10: 14 | H10: =VLOOKUP(G10,$K$2:$L$31,2) -> Cfa | K10: 9 | L10: Csb | M10: Temperate, dry summer, warm summer | N10: [200 200 0]
A11: 9 | B11: US-Bar | C11: 2004-2021 | D11: AMF | E11: -71.2881 | F11: 44.0646 | G11: 26 | H11: =VLOOKUP(G11,$K$2:$L$31,2) -> Dfb | K11: 10 | L11: Csc | M11: Temperate, dry summer, cold summer | N11: [150 150 0]
A12: 10 | B12: US-Bi1 | C12: 2016-2021 | D12: AMF | E12: -121.4993 | F12: 38.0992 | G12: 8 | H12: =VLOOKUP(G12,$K$2:$L$31,2) -> Csa | K12: 11 | L12: Cwa | M12: Temperate, dry winter, hot summer | N12: [150 255 150]
A13: 11 | B13: US-Bi2 | C13: 2017-2021 | D13: AMF | E13: -121.5351 | F13: 38.1091 | G13: 8 | H13: =VLOOKUP(G13,$K$2:$L$31,2) -> Csa | K13: 12 | L13: Cwb | M13: Temperate, dry winter, warm summer | N13: [100 200 100]
... A31: 29 | B31: US-GLE | C31: 2005-2020 | D31: AMF | E31: -106.2399 | F31: 41.3665 | G31: 27 | H31: =VLOOKUP(G31,$K$2:$L$31,2) -> Dfc | K31: 30 | L31: EF | M31: Polar, frost | N31: [102 102 102]
A32: 30 | B32: US-Ha1 | C32: 1991-2020 | D32: AMF | E32: -72.1715 | F32: 42.5378 | G32: 26 | H32: =VLOOKUP(G32,$K$2:$L$31,2) -> Dfb
A33: 31 | B33: US-HB1 | C33: 2019-2019 | D33: AMF | E33: -79.1957 | F33: 33.3455 | G33: 14 | H33: =VLOOKUP(G33,$K$2:$L$31,2) -> Cfa
A34: 32 | B34: US-HB2 | C34: 2019-2019 | D34: AMF | E34: -79.244 | F34: 33.3242 | G34: 14 | H34: =VLOOKUP(G34,$K$2:$L$31,2) -> Cfa
A35: 33 | B35: US-HB3 | C35: 2019-2021 | D35: AMF | E35: -79.2322 | F35: 33.3482 | G35: 14 | H35: =VLOOKUP(G35,$K$2:$L$31,2) -> Cfa
A36: 34 | B36: US-Hn2 | C36: 2015-2018 | D36: AMF | E36: -119.4641 | F36: 46.6889 | G36: 5 | H36: =VLOOKUP(G36,$K$2:$L$31,2) -> BWk
A37: 35 | B37: US-Hn3 | C37: 2017-2018 | D37: AMF | E37: -119.4614 | F37: 46.6878 | G37: 5 | H37: =VLOOKUP(G37,$K$2:$L$31,2) -> BWk
A38: 36 | B38: US-Ho2 | C38: 1999-2020 | D38: AMF | E38: -68.747 | F38: 45.2091 | G38: 26 | H38: =VLOOKUP(G38,$K$2:$L$31,2) -> Dfb
A39: 37 | B39: US-HWB | C39: 2015-2018 | D39: AMF | E39: -77.8488 | F39: 40.8608 | G39: 25 | H39: =VLOOKUP(G39,$K$2:$L$31,2) -> Dfa
A40: 38 | B40: US-ICh | C40: 2007-2021 | D40: AMF | E40: -149.2958 | F40: 68.6068 | G40: 27 | H40: =VLOOKUP(G40,$K$2:$L$31,2) -> Dfc
A41: 39 | B41: US-ICs | C41: 2007-2020 | D41: AMF | E41: -149.311 | F41: 68.6058 | G41: 27 | H41: =VLOOKUP(G41,$K$2:$L$31,2) -> Dfc
A42: 40 | B42: US-ICt | C42: 2007-2021 | D42: AMF | E42: -149.3041 | F42: 68.6063 | G42: 27 | H42: =VLOOKUP(G42,$K$2:$L$31,2) -> Dfc
A43: 41 | B43: US-Jo1 | C43: 2010-2020 | D43: AMF | E43: -106.635 | F43: 32.582 | G43: 5 | H43: =VLOOKUP(G43,$K$2:$L$31,2) -> BWk
... A273: 271 | B273: SE-Svb | C273: 2014-2020 | D273: ICOS-WW | E273: 19.776502 | F273: 64.256305 | G273: 27 | H273: =VLOOKUP(G273,$K$2:$L$31,2) -> Dfc

Sheet 272 sites
A1: This list includes all the sites with data from 2018 onwards from AMF, ICOS-WW, ICOS-Drought, OzFlux
B2: Site | C2: Period | D2: Dataset | E2: x | F2: y | G2: ICOS-both datasets | H2: Downloaded
A3: 0 | B3: AR-TF1 | C3: 2016-2018 | D3: AMF | E3: -66.7335 | F3: -54.9733
A4: 1 | B4: CA-Cbo | C4: 1994-2020 | D4: AMF | E4: -79.9333 | F4: 44.3167
A5: 2 | B5: CA-DB2 | C5: 2019-2020 | D5: AMF | E5: -122.9951 | F5: 49.119
A6: 3 | B6: CA-DBB | C6: 2014-2020 | D6: AMF | E6: -122.9849 | F6: 49.1293
A7: 4 | B7: CA-ER1 | C7: 2015-2020 | D7: AMF | E7: -80.4123 | F7: 43.6405
A8: 5 | B8: CA-LP1 | C8: 2007-2020 | D8: AMF | E8: -122.8414 | F8: 55.1119
A9: 6 | B9: PE-QFR | C9: 2018-2019 | D9: AMF | E9: -73.319 | F9: -3.8344
A10: 7 | B10: US-ALQ | C10: 2015-2021 | D10: AMF | E10: -89.6067 | F10: 46.0308
A11: 8 | B11: US-ARM | C11: 2003-2020 | D11: AMF | E11: -97.4888 | F11: 36.6058
A12: 9 | B12: US-Bar | C12: 2004-2021 | D12: AMF | E12: -71.2881 | F12: 44.0646
A13: 10 | B13: US-Bi1 | C13: 2016-2021 | D13: AMF | E13: -121.4993 | F13: 38.0992
A14: 11 | B14: US-Bi2 | C14: 2017-2021 | D14: AMF | E14: -121.5351 | F14: 38.1091
... A149: 146 | B149: AU-Wom | C149: 2010-2021 | D149: OzFlux | E149: 144.0944 | F149: -37.4222
A150: 147 | B150: BE-Bra | C150: 1996-2018 | D150: ICOS-Drought | E150: 4.520098 | F150: 51.30701 | G150: x
A151: 148 | B151: BE-Lon | C151: 2004-2018 | D151: ICOS-Drought | E151: 4.746202 | F151: 50.551338
A152: 149 | B152: BE-Vie | C152: 1996-2018 | D152: ICOS-Drought | E152: 5.99871 | F152: 50.306918 | G152: x
A153: 150 | B153: CH-Aws | C153: 2010-2018 | D153: ICOS-Drought | E153: 9.790417 | F153: 46.583306 | G153: x
A154: 151 | B154: CH-Cha | C154: 2005-2018 | D154: ICOS-Drought | E154: 8.41044 | F154: 47.21022 | G154: x
A155: 152 | B155: CH-Dav | C155: 1997-2018 | D155: ICOS-Drought | E155: 9.85591 | F155: 46.81533 | G155: x
A156: 153 | B156: CH-Fru | C156: 2005-2018 | D156: ICOS-Drought | E156: 8.53778 | F156: 47.11583 | G156: x
A157: 154 | B157: CH-Lae | C157: 2004-2018 | D157: ICOS-Drought | E157: 8.365 | F157: 47.47808 | G157: x
A158: 155 | B158: CH-Oe2 | C158: 2004-2018 | D158: ICOS-Drought | E158: 7.73433 | F158: 47.28631 | G158: x
A159: 156 | B159: CZ-BK1 | C159: 2004-2018 | D159: ICOS-Drought | E159: 18.536882 | F159: 49.502075 | G159: x
A160: 157 | B160: CZ-Lnz | C160: 2015-2018 | D160: ICOS-Drought | E160: 16.946331 | F160: 48.68155 | G160: x
A161: 158 | B161: CZ-RAJ | C161: 2012-2018 | D161: ICOS-Drought | E161: 16.696513 | F161: 49.443724 | G161: x
A162: 159 | B162: CZ-Stn | C162: 2010-2018 | D162: ICOS-Drought | E162: 17.9699 | F162: 49.035975 | G162: x
A163: 160 | B163: CZ-wet | C163: 2006-2018 | D163: ICOS-Drought | E163: 14.77035 | F163: 49.02465 | G163: x
... A168: 165 | B168: DE-HoH | C168: 2015-2018 | D168: ICOS-Drought | E168: 11.221911 | F168: 52.08637 | G168: x
A169: 166 | B169: DE-Hte | C169: 2009-2018 | D169: ICOS-Drought | E169: 12.176111 | F169: 54.210278
A170: 167 | B170: DE-Hzd | C170: 2010-2018 | D170: ICOS-Drought | E170: 13.48978 | F170: 50.96381 | G170: x
A171: 168 | B171: DE-Kli | C171: 2004-2018 | D171: ICOS-Drought | E171: 13.52238 | F171: 50.89306 | G171: x
A172: 169 | B172: DE-Obe | C172: 2008-2018 | D172: ICOS-Drought | E172: 13.72129 | F172: 50.78666 | G172: x
A173: 170 | B173: DE-RuR | C173: 2011-2018 | D173: ICOS-Drought | E173: 6.304126 | F173: 50.621914 | G173: x
A174: 171 | B174: DE-RuS | C174: 2011-2018 | D174: ICOS-Drought | E174: 6.447076 | F174: 50.866033 | G174: x
A175: 172 | B175: DE-RuW | C175: 2010-2018 | D175: ICOS-Drought | E175: 6.3309627 | F175: 50.50493 | G175: x
A176: 173 | B176: DE-Tha | C176: 1996-2018 | D176: ICOS-Drought | E176: 13.56515 | F176: 50.96256 | G176: x
A177: 174 | B177: DK-Sor | C177: 1996-2018 | D177: ICOS-Drought | E177: 11.645207 | F177: 55.486286 | G177: x
A178: 175 | B178: ES-Abr | C178: 2015-2018 | D178: ICOS-Drought | E178: -6.785881 | F178: 38.701839 | G178: x
A179: 176 | B179: ES-LM1 | C179: 2014-2018 | D179: ICOS-Drought | E179: -5.778683 | F179: 39.94269 | G179: x
A180: 177 | B180: ES-LM2 | C180: 2014-2018 | D180: ICOS-Drought | E180: -5.775881 | F180: 39.934592 | G180: x
A181: 178 | B181: FI-Hyy | C181: 1996-2018 | D181: ICOS-Drought | E181: 24.293971 | F181: 61.847719 | G181: x
... A185: 182 | B185: FR-Bil | C185: 2014-2018 | D185: ICOS-Drought | E185: -0.956092 | F185: 44.493652 | G185: x
A186: 183 | B186: FR-EM2 | C186: 2017-2018 | D186: ICOS-Drought | E186: 3.02065 | F186: 49.87211
A187: 184 | B187: FR-Hes | C187: 2014-2018 | D187: ICOS-Drought | E187: 7.064154 | F187: 48.67432 | G187: x
A188: 185 | B188: IT-BCi | C188: 2004-2018 | D188: ICOS-Drought | E188: 14.957169 | F188: 40.523614 | G188: x
A189: 186 | B189: IT-Cp2 | C189: 2012-2018 | D189: ICOS-Drought | E189: 12.35687 | F189: 41.7043 | G189: x
A190: 187 | B190: IT-Lsn | C190: 2016-2018 | D190: ICOS-Drought | E190: 12.750297 | F190: 45.740482 | G190: x
A191: 188 | B191: IT-SR2 | C191: 2013-2018 | D191: ICOS-Drought | E191: 10.291491 | F191: 43.731913 | G191: x
A192: 189 | B192: IT-Tor | C192: 2008-2018 | D192: ICOS-Drought | E192: 7.578055 | F192: 45.84444 | G192: x
A193: 190 | B193: NL-Loo | C193: 1996-2018 | D193: ICOS-Drought | E193: 5.74355 | F193: 52.166447
A194: 191 | B194: RU-Fy2 | C194: 2015-2018 | D194: ICOS-Drought | E194: 32.901878 | F194: 56.447603 | G194: x
A195: 192 | B195: RU-Fyo | C195: 1998-2018 | D195: ICOS-Drought | E195: 32.922083 | F195: 56.461528 | G195: x
A196: 193 | B196: SE-Deg | C196: 2001-2018 | D196: ICOS-Drought | E196: 19.557448 | F196: 64.182333 | G196: x
A197: 194 | B197: SE-Htm | C197: 2015-2018 | D197: ICOS-Drought | E197: 13.417893 | F197: 56.097566 | G197: x
A198: 195 | B198: SE-Lnn | C198: 2014-2018 | D198: ICOS-Drought | E198: 13.10177 | F198: 58.34063
A199: 196 | B199: SE-Nor | C199: 2014-2018 | D199: ICOS-Drought | E199: 17.47852 | F199: 60.08699 | G199: x
A200: 197 | B200: SE-Ros | C200: 2014-2018 | D200: ICOS-Drought | E200: 19.738 | F200: 64.1725 | G200: x
A201: 198 | B201: SE-Svb | C201: 2014-2018 | D201: ICOS-Drought | E201: 19.776502 | F201: 64.256305 | G201: x
A202: 199 | B202: BE-Bra | C202: 1996-2020 | D202: ICOS-WW | E202: 4.520098 | F202: 51.30701
A203: 200 | B203: BE-Dor | C203: 2011-2020 | D203: ICOS-WW | E203: 4.968113 | F203: 50.311874
A204: 201 | B204: BE-Lcr | C204: 2019-2020 | D204: ICOS-WW | E204: 3.85043 | F204: 51.11218
A205: 202 | B205: BE-Lon | C205: 2004-2020 | D205: ICOS-WW | E205: 4.746202 | F205: 50.551338
A206: 203 | B206: BE-Maa | C206: 2016-2020 | D206: ICOS-WW | E206: 5.630835 | F206: 50.980054
A207: 204 | B207: BE-Vie | C207: 1996-2020 | D207: ICOS-WW | E207: 5.99871 | F207: 50.306918
A208: 205 | B208: CH-Aws | C208: 2006-2020 | D208: ICOS-WW | E208: 9.790417 | F208: 46.583306
A209: 206 | B209: CH-Cha | C209: 2005-2020 | D209: ICOS-WW | E209: 8.41044 | F209: 47.21022
A210: 207 | B210: CH-Dav | C210: 1997-2020 | D210: ICOS-WW | E210: 9.85591 | F210: 46.81533
A211: 208 | B211: CH-Fru | C211: 2005-2020 | D211: ICOS-WW | E211: 8.53778 | F211: 47.11583
A212: 209 | B212: CH-Lae | C212: 2004-2020 | D212: ICOS-WW | E212: 8.365 | F212: 47.47808
A213: 210 | B213: CH-Oe2 | C213: 2004-2020 | D213: ICOS-WW | E213: 7.73433 | F213: 47.28631
... A274: 271 | B274: SE-Svb | C274: 2014-2020 | D274: ICOS-WW | E274: 19.776502 | F274: 64.256305

Sheet AMF
A1: Site ID | B1: Name | C1: Principal Investigator | D1: Data Use Policy | E1: AmeriFlux BASE Data | F1: AmeriFlux FLUXNET Data | G1: Vegetation Abbreviation (IGBP) | H1: Vegetation Description (IGBP) | I1: Climate Class Abbreviation (Koeppen) | J1: Climate Class Description (Koeppen) | K1: Mean Average Precipitation (mm) | L1: Mean Average Temperature (degrees C) | M1: Country | N1: Latitude (degrees) | O1: Longitude (degrees) | P1: Elevation (m) | Q1: Number of years of AmeriFlux BASE data | R1: AmeriFlux BASE Data Start | S1: AmeriFlux BASE Data End | T1: Years of AmeriFlux BASE Data | U1: AmeriFlux BASE DOI | V1: AmeriFlux FLUXNET Data Start | W1: AmeriFlux FLUXNET Data End | X1: Years of AmeriFlux FLUXNET Data | Y1: AmeriFlux FLUXNET DOI | Z1: Site Start | AA1: Site End | AB1: BASE variables available | AC1: FLUXNET variables available
A2: AR-Bal | B2: Balcarce BA | C2: Natalia Edith Tonti (ntonti@at.fcen.uba.ar) | D2: CC-BY-4.0 | E2: Yes | F2: No | G2: CRO | H2: Croplands: Lands covered with temporary crops followed by harvest and a bare soil period (e.g., single and multiple cropping systems). Note that perennial woody crops will be classified as the appropriate forest or shrub land cover type. | I2: Cfb | J2: Marine West Coast: mild with no dry season, warm summer | K2: 926 | L2: 14 | M2: Argentina | N2: -37.7596 | O2: -58.3024 | P2: 130 | Q2: 2 | R2: 2012 | S2: 2013 | T2: 2012, 2013 | U2: https://doi.org/10.17190/AMF/2315764 | Z2: 2012 | AA2: 2013 | AB2: CO2, CO2_SIGMA, FC, FC_SSITC_TEST, G, H, H2O, H2O_SIGMA, H_SSITC_TEST, LE, LE_SSITC_TEST, MO_LENGTH, NEE, P, PA, PPFD_IN, RH, SW_IN, TA, TAU_SSITC_TEST, TS, T_SONIC, T_SONIC_SIGMA, U_SIGMA, USTAR, V_SIGMA, WD, WS, W_SIGMA, ZL
A3: AR-CCa | B3: Carlos Casares agriculture | C3: Gabriela Posse (posse.gabriela@gmail.com) | D3: CC-BY-4.0 | E3: Yes | F3: No | G3: CRO | H3: Croplands: Lands covered with temporary crops followed by harvest and a bare soil period (e.g., single and multiple cropping systems). Note that perennial woody crops will be classified as the appropriate forest or shrub land cover type. | I3: Cfa | J3: Humid Subtropical: mild with no dry season, hot summer | K3: 1060 | L3: 16.1 | M3: Argentina | N3: -35.621 | O3: -61.3181 | P3: 83 | Q3: 9 | R3: 2012 | S3: 2020 | T3: 2012, 2013, 2014, 2015, 2016, 2017, 2018, 2019, 2020 | U3: https://doi.org/10.17190/AMF/1880910 | Z3: 2012 | AB3: CO2, CO2_MIXING_RATIO, CO2_SIGMA, FC, FETCH_70, FETCH_80, FETCH_90, FETCH_MAX, H, H2O, H2O_MIXING_RATIO, H2O_SIGMA, LE, MO_LENGTH, PA, PPFD_IN, RH, TA, TAU, T_SONIC, T_SONIC_SIGMA, U_SIGMA, USTAR, VPD, V_SIGMA, WD, WS, W_SIGMA, WS_MAX, ZL
A4: AR-CCg | B4: Carlos Casares grassland | C4: Gabriela Posse (posse.gabriela@gmail.com) | D4: CC-BY-4.0 | E4: Yes | F4: Yes | G4: GRA | H4: Grasslands: Lands with herbaceous types of cover. Tree and shrub cover is less than 10%. Permanent wetlands lands with a permanent mixture of water and herbaceous or woody vegetation. The vegetation can be present in either salt, brackish, or fresh water. | I4: Cfa | J4: Humid Subtropical: mild with no dry season, hot summer | K4: 1060 | L4: 16.1 | M4: Argentina | N4: -35.9244 | O4: -61.1855 | P4: 84 | Q4: 6 | R4: 2018 | S4: 2023 | T4: 2018, 2019, 2020, 2021, 2022, 2023 | U4: https://doi.org/10.17190/AMF/1865474 | V4: 2018 | W4: 2023 | X4: 2018, 2019, 2020, 2021, 2022, 2023 | Y4: https://doi.org/10.17190/AMF/2469434 | Z4: 2018 | AB4: CO2, CO2_MIXING_RATIO, CO2_SIGMA, FC, FETCH_70, FETCH_80, FETCH_90, FETCH_MAX, H, H2O, H2O_MIXING_RATIO, H2O_SIGMA, LE, MO_LENGTH, PA, PPFD_IN, RH, TA, TAU, T_SONIC, T_SONIC_SIGMA, U_SIGMA, USTAR, VPD, V_SIGMA, WD, WS, W_SIGMA, WS_MAX, ZL
A5: AR-Cel | B5: CELPA Mar Chiquita BA | C5: Paulina Martinetto (pmartin@mdp.edu.ar) | D5: Legacy | E5: Yes | F5: No | G5: WET | H5: Permanent Wetlands: Lands with a permanent mixture of water and herbaceous or woody vegetation that cover extensive areas. The vegetation can be present in either salt, brackish, or fresh water | I5: Cfb | J5: Marine West Coast: mild with no dry season, warm summer | K5: 926 | L5: 14 | M5: Argentina | N5: -37.7028 | O5: -57.4192 | P5: 1 | Q5: 1 | R5: 2018 | S5: 2018 | T5: 2018 | U5: https://doi.org/10.17190/AMF/2204054 | Z5: 2018 | AA5: 2018 | AB5: CO2, CO2_SIGMA, FC, FC_SSITC_TEST, G, H, H2O, H2O_SIGMA, H_SSITC_TEST, LE, LE_SSITC_TEST, MO_LENGTH, NEE, P, PA, PPFD_IN, RH, SC, SWC, SW_IN, TA, TAU_SSITC_TEST, TS, T_SONIC, T_SONIC_SIGMA, U_SIGMA, USTAR, V_SIGMA, WD, WS, W_SIGMA, ZL
A6: AR-Rom | B6: Romano Mar Chiquita BA | C6: Natalia Edith Tonti (ntonti@at.fcen.uba.ar) | D6: Legacy | E6: Yes | F6: No | G6: WET | H6: Permanent Wetlands: Lands with a permanent mixture of water and herbaceous or woody vegetation that cover extensive areas. The vegetation can be present in either salt, brackish, or fresh water | I6: Cfb | J6: Marine West Coast: mild with no dry season, warm summer | K6: 926 | L6: 14 | M6: Argentina | N6: -37.5508 | O6: -57.2972 | P6: 1 | Q6: 2 | R6: 2014 | S6: 2015 | T6: 2014, 2015 | U6: https://doi.org/10.17190/AMF/2315765 | Z6: 2014 | AA6: 2015 | AB6: CO2, CO2_SIGMA, FC, FC_SSITC_TEST, G, H, H2O, H2O_SIGMA, H_SSITC_TEST, LE, LE_SSITC_TEST, MO_LENGTH, NEE, P, PA, PPFD_IN, RH, SW_IN, TA, TAU_SSITC_TEST, TS, T_SONIC, T_SONIC_SIGMA, U_SIGMA, USTAR, V_SIGMA, WD, WS, W_SIGMA, ZL
A7: AR-TF1 | B7: Rio Moat bog | C7: Veronica Pancotto (pancotto@cadic-conicet.gob.ar) | D7: CC-BY-4.0 | E7: Yes | F7: Yes | G7: WET | H7: Permanent Wetlands: Lands with a permanent mixture of water and herbaceous or woody vegetation that cover extensive areas. The vegetation can be present in either salt, brackish, or fresh water | M7: Argentina | N7: -54.9733 | O7: -66.7335 | P7: 40 | Q7: 3 | R7: 2016 | S7: 2018 | T7: 2016, 2017, 2018 | U7: https://doi.org/10.17190/AMF/1543389 | V7: 2016 | W7: 2018 | X7: 2016, 2017, 2018 | Y7: https://doi.org/10.17190/AMF/1818370 | Z7: 2016 | AA7: 2018 | AB7: CO2, FC, FC_SSITC_TEST, H, H_SSITC_TEST, LE, LE_SSITC_TEST, PA, PPFD_IN, RH, SW_IN, TA, USTAR, WD, WS
A8: AR-TF2 | B8: Rio Pipo bog | C8: Veronica Pancotto (pancotto@cadic-conicet.gob.ar) | D8: CC-BY-4.0 | E8: Yes | F8: No | G8: WET | H8: Permanent Wetlands: Lands with a permanent mixture of water and herbaceous or woody vegetation that cover extensive areas. The vegetation can be present in either salt, brackish, or fresh water | K8: 530 | L8: 5.5 | M8: Argentina | N8: -54.8269 | O8: -68.4549 | P8: 60 | Q8: 3 | R8: 2016 | S8: 2018 | T8: 2016, 2017, 2018 | U8: https://doi.org/10.17190/AMF/1543388 | Z8: 2016 | AA8: 2018 | AB8: FC, FC_SSITC_TEST, H, H_SSITC_TEST, LE, LE_SSITC_TEST, PPFD_IN, RH, SW_IN, TA, USTAR, WD, WS
A9: BR-BNT | B9: BIONTE | C9: Robinson Negron-Juarez (robinson.inj@lbl.gov) | D9: Legacy | E9: No | F9: No | G9: EBF | H9: Evergreen Broadleaf Forests: Lands dominated by woody vegetation with a percent cover >60% and height exceeding 2 meters. Almost all trees and shrubs remain green year round. Canopy is never without green foliage. | K9: 2300 | L9: 27.4 | M9: Brazil | N9: -2.6334 | O9: -60.1505 | P9: 116 | Q9: 0 | Z9: 2023
A10: BR-Cax | B10: CAX, FLONA Caxiuanã micromet tower | C10: Alessandro Araujo (alessandro.araujo@embrapa.br) | D10: CC-BY-4.0 | E10: No | F10: No | G10: EBF | H10: Evergreen Broadleaf Forests: Lands dominated by woody vegetation with a percent cover >60% and height exceeding 2 meters. Almost all trees and shrubs remain green year round. Canopy is never without green foliage. | I10: Af | J10: Tropical rain forest | K10: 2500 | L10: 26 | M10: Brazil | N10: -1.7185 | O10: -51.4583 | P10: 48.4 | Q10: 0 | Z10: 2005
A11: BR-CMT | B11: Capuaba farm Mato Grosso | C11: Mark Johnson (mark.johnson@ubc.ca) | D11: Legacy | E11: No | F11: No | G11: CRO | H11: Croplands: Lands covered with temporary crops followed by harvest and a bare soil period (e.g., single and multiple cropping systems). Note that perennial woody crops will be classified as the appropriate forest or shrub land cover type. | I11: Aw | J11: Tropical savanna | K11: 1566 | L11: 26.8 | M11: Brazil | N11: -13.2875 | O11: -56.0882 | P11: 427 | Q11: 0 | Z11: 2015 | AA11: 2019
A12: BR-CST | B12: Caatinga Serra Talhada | C12: Antonio Antonino (acdantonino@gmail.com) | D12: CC-BY-4.0 | E12: Yes | F12: Yes | G12: DNF | H12: Deciduous Needleleaf Forests: Lands dominated by woody vegetation with a percent cover >60% and height exceeding 2 meters. Consists of seasonal needleleaf tree communities with an annual cycle of leaf-on and leaf-off periods. | I12: Bsh | J12: Steppe: very cold winter | K12: 642 | L12: 25.2 | M12: Brazil | N12: -7.9682 | O12: -38.3842 | P12: 468 | Q12: 2 | R12: 2014 | S12: 2015 | T12: 2014, 2015 | U12: https://doi.org/10.17190/AMF/1562386 | V12: 2014 | W12: 2015 | X12: 2014, 2015 | Y12: https://doi.org/10.17190/AMF/1902820 | Z12: 2014 | AB12: APAR, CO2, FC, FETCH_90, GPP, H, H2O, H_SSITC_TEST, LE, LE_SSITC_TEST, MO_LENGTH, NEE, NETRAD, P, PA, RH, SC, SH, SLE, SWC, SW_IN, TA, TAU, TAU_SSITC_TEST, TS, T_SONIC, USTAR, VPD, WD, WS, WS_MAX, ZL
A13: BR-Cui | B13: Micrometeorological studies project in Amazonian mangroves | C13: Isabel Vitorino (vitorino@ufpa.br) | D13: Legacy | E13: No | F13: No | G13: WET | H13: Permanent Wetlands: Lands with a permanent mixture of water and herbaceous or woody vegetation that cover extensive areas. The vegetation can be present in either salt, brackish, or fresh water | I13: Am | J13: Tropical monsoon | K13: 457.2 | L13: 26.4 | M13: Brazil | N13: -0.6661 | O13: -47.2833 | P13: 21 | Q13: 0 | Z13: 2015
A14: BR-CUP | B14: Cupari Tapajos National Forest | C14: Scott Saleska (saleska@arizona.edu) | D14: CC-BY-4.0 | E14: No | F14: No | G14: DBF | H14: Deciduous Broadleaf Forests: Lands dominated by woody vegetation with a percent cover >60% and height exceeding 2 meters. Consists of broadleaf tree communities with an annual cycle of leaf-on and leaf-off periods. | I14: Af | J14: Tropical rain forest | K14: 1900 | L14: 25 | M14: Brazil | N14: -3.7874 | O14: -55.3664 | P14: 15 | Q14: 0 | Z14: 2024
A15: BR-IAB | B15: Instituto Arruda Botelho - Wooded Cerrado and Mixed Agriculture | C15: Edson Wendland (ew@sc.usp.br) | D15: Legacy | E15: No | F15: No | G15: WSA | H15: Woody Savannas: Lands with herbaceous and other understory systems, and with forest canopy cover between 30-60%. The forest cover height exceeds 2 meters. | I15: Cwa | J15: Humid Subtropical: dry winter, hot summer | K15: 1486 | L15: 21.6 | M15: Brazil | N15: -22.171 | O15: -47.871 | P15: 763 | Q15: 0 | Z15: 2018 | AA15: 2021
A16: BR-Ji1 | B16: Fazenda Nossa Senhora (FNS) | C16: Alessandro Araujo (alessandro.araujo@embrapa.br) | D16: CC-BY-4.0 | E16: No | F16: No | G16: GRA | H16: Grasslands: Lands with herbaceous types of cover. Tree and shrub cover is less than 10%. Permanent wetlands lands with a permanent mixture of water and herbaceous or woody vegetation. The vegetation can be present in either salt, brackish, or fresh water. | I16: Af | J16: Tropical rain forest | M16: Brazil | N16: -10.7618 | O16: -62.3572 | P16: 260 | Q16: 0 | Z16: 1999 | AA16: 2010
A17: BR-Ji3 | B17: Ji-Paraná/RO - Reserva Biológica do Jaru (RBJ) | C17: Alessandro Araujo (alessandro.araujo@embrapa.br) | D17: CC-BY-4.0 | E17: No | F17: No | G17: EBF | H17: Evergreen Broadleaf Forests: Lands dominated by woody vegetation with a percent cover >60% and height exceeding 2 meters. Almost all trees and shrubs remain green year round. Canopy is never without green foliage. | I17: Am | J17: Tropical monsoon | L17: 21 | M17: Brazil | N17: -10.1866 | O17: -61.8725 | P17: 160 | Q17: 0 | Z17: 1999
A18: BR-Ma2 | B18: Manaus - ZF2 K34 | C18: Alessandro Araujo (alessandro.araujo@gmail.com) | D18: CC-BY-4.0 | E18: No | F18: No | G18: EBF | H18: Evergreen Broadleaf Forests: Lands dominated by woody vegetation with a percent cover >60% and height exceeding 2 meters. Almost all trees and shrubs remain green year round. Canopy is never without green foliage. | I18: Af | J18: Tropical rain forest | K18: 2252 | L18: 26.68 | M18: Brazil | N18: -2.6091 | O18: -60.2093 | P18: 130 | Q18: 0 | Z18: 1999
A19: BR-Ma3 | B19: ZF3, Colosso farm | C19: Alessandro Araujo (alessandro.araujo@embrapa.br) | D19: CC-BY-4.0 | E19: No | F19: No | G19: CVM | H19: Cropland/Natural Vegetation Mosaics: Lands with a mosaic of croplands, forest, shrublands, and grasslands in which no one component comprises more than 60% of the landscape | I19: Af | J19: Tropical rain forest | K19: 2792 | L19: 29 | M19: Brazil | N19: -2.3907 | O19: -59.8835 | P19: 147 | Q19: 0 | Z19: 2008 | AA19: 2018
A20: BR-Moj | B20: Moju/PA, Commercial oil palm plantation | C20: Alessandro Araujo (alessandro.araujo@embrapa.br) | D20: CC-BY-4.0 | E20: No | F20: No | G20: CVM | H20: Cropland/Natural Vegetation Mosaics: Lands with a mosaic of croplands, forest, shrublands, and grasslands in which no one component comprises more than 60% of the landscape | I20: Af | J20: Tropical rain forest | K20: 2500 | L20: 25.5 | M20: Brazil | N20: -1.9787 | O20: -48.6147 | P20: 26 | Q20: 0 | Z20: 2015 | AA20: 2022
A21: BR-Npw | B21: Northern Pantanal Wetland | C21: Mark Johnson (mark.johnson@ubc.ca) | D21: CC-BY-4.0 | E21: Yes | F21: Yes | G21: WSA | H21: Woody Savannas: Lands with herbaceous and other understory systems, and with forest canopy cover between 30-60%. The forest cover height exceeds 2 meters. | I21: Aw | J21: Tropical savanna | K21: 1486 | L21: 24.9 | M21: Brazil | N21: -16.498 | O21: -56.412 | P21: 120 | Q21: 5 | R21: 2013 | S21: 2017 | T21: 2013, 2014, 2015, 2016, 2017 | U21: https://doi.org/10.17190/AMF/1579716 | V21: 2013 | W21: 2017 | X21: 2013, 2014, 2015, 2016, 2017 | Y21: https://doi.org/10.17190/AMF/1881563 | Z21: 2013 | AB21: CH4, CO2, FC, FCH4, G, H, LE, LW_IN, LW_OUT, NETRAD, P, PA, PPFD_IN, PPFD_OUT, RH, SW_IN, SW_OUT, TA, TS, T_SONIC, USTAR, WD, WS, WTD
A22: BR-PRS | B22: Paraíso do Sul | C22: Débora Roberti (debora@ufsm.br) | D22: Legacy | E22: No | F22: No | G22: CRO | H22: Croplands: Lands covered with temporary crops followed by harvest and a bare soil period (e.g., single and multiple cropping systems). Note that perennial woody crops will be classified as the appropriate forest or shrub land cover type. | I22: Cfa | J22: Humid Subtropical: mild with no dry season, hot summer | K22: 1500 | L22: 21 | M22: Brazil | N22: -29.744 | O22: -53.1503 | Q22: 0 | Z22: 2003 | AA22: 2004
A23: BR-Sa1 | B23: Santarem-Km67-Primary Forest | C23: Scott Saleska (saleska@email.arizona.edu) | D23: CC-BY-4.0 | E23: Yes | F23: No | G23: EBF | H23: Evergreen Broadleaf Forests: Lands dominated by woody vegetation with a percent cover >60% and height exceeding 2 meters. Almost all trees and shrubs remain green year round. Canopy is never without green foliage. | I23: Am | J23: Tropical monsoon | K23: 2074.79 | L23: 26.13 | M23: Brazil | N23: -2.8567 | O23: -54.9589 | P23: 88 | Q23: 10 | R23: 2002 | S23: 2011 | T23: 2002, 2003, 2004, 2005, 2006, 2007, 2008, 2009, 2010, 2011 | U23: https://doi.org/10.17190/AMF/1245994 | Z23: 2002 | AB23: CO2, FC, H, H2O, LE, NEE, NETRAD, PA, PPFD_IN, RECO, RH, SC, TA, USTAR, VPD, WD, WS
A24: BR-Sa3 | B24: Santarem-Km83-Logged Forest | C24: Mike Goulden (mgoulden@uci.edu) | D24: CC-BY-4.0 | E24: Yes | F24: No | G24: EBF | H24: Evergreen Broadleaf Forests: Lands dominated by woody vegetation with a percent cover >60% and height exceeding 2 meters. Almost all trees and shrubs remain green year round. Canopy is never without green foliage. | I24: Am | J24: Tropical monsoon | K24: 2043.77 | L24: 26.12 | M24: Brazil | N24: -3.018 | O24: -54.9714 | P24: 100 | Q24: 5 | R24: 2000 | S24: 2004 | T24: 2000, 2001, 2002, 2003, 2004 | U24: https://doi.org/10.17190/AMF/1245995 | Z24: 2000 | AA24: 2003 | AB24: CO2, FC, G, H, H2O, LE, LW_IN, LW_OUT, NEE, NETRAD, P, PA, PPFD_IN, PPFD_OUT, RECO, RH, SC, SWC, SW_IN, SW_OUT, TA, TS, USTAR, VPD, WD, WS
A25: BR-SGC | B25: São Gabriel da Cachoeira (Balaio Indigenous Reserve, Pico da Neblina National Park) | C25: Alessandro Araujo (alessandro.araujo@embrapa.br) | D25: CC-BY-4.0 | E25: No | F25: No | G25: EBF | H25: Evergreen Broadleaf Forests: Lands dominated by woody vegetation with a percent cover >60% and height exceeding 2 meters. Almost all trees and shrubs remain green year round. Canopy is never without green foliage. | I25: Af | J25: Tropical rain forest | K25: 3000 | L25: 27 | M25: Brazil | N25: 0.2101 | O25: -66.7529 | P25: 100 | Q25: 0 | Z25: 2004 | AA25: 2010
A26: BR-SP1 | B26: Southern Pantanal Wetland | C26: Thiago Rangel Rodrigues (thiago.r.rodrigues@ufms.br) | D26: Legacy | E26: No | F26: No | G26: WSA | H26: Woody Savannas: Lands with herbaceous and other understory systems, and with forest canopy cover between 30-60%. The forest cover height exceeds 2 meters. | I26: Aw | J26: Tropical savanna | K26: 850 | L26: 25 | M26: Brazil | N26: -19.565 | O26: -57.018 | P26: 90 | Q26: 0 | Z26: 2023
A27: CA-AF1 | B27: Acadia Research Forest | C27: Manuel Helbig (manuel.helbig@dal.ca) | D27: CC-BY-4.0 | E27: Yes | F27: No | G27: MF | H27: Mixed Forests: Lands dominated by trees with a percent cover >60% and height exceeding 2 meters. Consists of tree communities with interspersed mixtures or mosaics of the other four forest types. None of the forest types exceeds 60% of landscape. | I27: Dfb | J27: Warm Summer Continental: significant precipitation in all seasons | K27: 1078 | L27: 5.6 | M27: Canada | N27: 46.0092 | O27: -66.3627 | P27: 78 | Q27: 2 | R27: 2023 | S27: 2024 | T27: 2023, 2024 | U27: https://doi.org/10.17190/AMF/2479623 | Z27: 2023 | AB27: ALB, CO2, CO2_MIXING_RATIO, CO2_SIGMA, D_SNOW, FC, FC_SSITC_TEST, FH2O, H, H2O, H2O_MIXING_RATIO, H2O_SIGMA, H_SSITC_TEST, LE, LE_SSITC_TEST, LW_IN, LW_OUT, MO_LENGTH, PA, P_RAIN, RH, SC, SG, SH, SLE, SW_BC_IN, SWC, SW_DIF, SW_DIR, SW_IN, SW_OUT, SWP, TA, TAU, T_CANOPY, TS, T_SONIC, U_SIGMA, USTAR, VPD, V_SIGMA, WD, WS, W_SIGMA, WS_MAX, ZL
A28: CA-ARB | B28: Attawapiskat River Bog | C28: Elyn Humphreys (elynhumphreys@cunet.carleton.ca) | D28: CC-BY-4.0 | E28: Yes | F28: Yes | G28: WET | H28: Permanent Wetlands: Lands with a permanent mixture of water and herbaceous or woody vegetation that cover extensive areas. The vegetation can be present in either salt, brackish, or fresh water | I28: Dfb | J28: Warm Summer Continental: significant precipitation in all seasons | K28: 700 | L28: -1.3 | M28: Canada | N28: 52.695 | O28: -83.9452 | P28: 90 | Q28: 5 | R28: 2011 | S28: 2015 | T28: 2011, 2012, 2013, 2014, 2015 | U28: https://doi.org/10.17190/AMF/1480319 | V28: 2011 | W28: 2015 | X28: 2011, 2012, 2013, 2014, 2015 | Y28: https://doi.org/10.17190/AMF/1902821 | Z28: 2010 | AB28: ALB, CO2, D_SNOW, FC, G, H, LE, LW_IN, LW_OUT, MO_LENGTH, P, PA, RH, SWC, SW_IN, SW_OUT, TA, TAU, TS, T_SONIC, T_SONIC_SIGMA, U_SIGMA, USTAR, VPD, V_SIGMA, WD, WS, W_SIGMA, WTD, ZL
A29: CA-ARF | B29: Attawapiskat River Fen | C29: Elyn Humphreys (elynhumphreys@cunet.carleton.ca) | D29: CC-BY-4.0 | E29: Yes | F29: Yes | G29: WET | H29: Permanent Wetlands: Lands with a permanent mixture of water and herbaceous or woody vegetation that cover extensive areas. The vegetation can be present in either salt, brackish, or fresh water | I29: Dfb | J29: Warm Summer Continental: significant precipitation in all seasons | K29: 700 | L29: -1.3 | M29: Canada | N29: 52.7008 | O29: -83.955 | P29: 88 | Q29: 5 | R29: 2011 | S29: 2015 | T29: 2011, 2012, 2013, 2014, 2015 | U29: https://doi.org/10.17190/AMF/1480318 | V29: 2011 | W29: 2015 | X29: 2011, 2012, 2013, 2014, 2015 | Y29: https://doi.org/10.17190/AMF/1902822 | Z29: 2010 | AB29: ALB, CO2, D_SNOW, FC, G, H, LE, LW_IN, LW_OUT, MO_LENGTH, P, PA, RH, SWC, SW_IN, SW_OUT, TA, TAU, TS, T_SONIC, T_SONIC_SIGMA, U_SIGMA, USTAR, VPD, V_SIGMA, WD, WS, W_SIGMA, WTD, ZL
A30: CA-BCW | B30: Big Creek Watershed | C30: Carlos Barreto (carlos.barreto@ontario.ca) | D30: CC-BY-4.0 | E30: No | F30: No | G30: WET | H30: Permanent Wetlands: Lands with a permanent mixture of water and herbaceous or woody vegetation that cover extensive areas. The vegetation can be present in either salt, brackish, or fresh water | I30: Dfb | J30: Warm Summer Continental: significant precipitation in all seasons | K30: 1009.8 | L30: 7.8 | M30: Canada | N30: 42.6206 | O30: -80.5516 | P30: 201 | Q30: 0 | Z30: 2023
A31: CA-BOU | B31: Bouleau Peatland | C31: Michelle Garneau (garneau.michelle@uqam.ca) | D31: CC-BY-4.0 | E31: Yes | F31: Yes | G31: WET | H31: Permanent Wetlands: Lands with a permanent mixture of water and herbaceous or woody vegetation that cover extensive areas. The vegetation can be present in either salt, brackish, or fresh water | I31: Cwc | J31: Temperate Highland: dry winter, cool summer | K31: 1011 | L31: 1.5 | M31: Canada | N31: 50.5244 | O31: -63.2064 | P31: 108 | Q31: 3 | R31: 2018 | S31: 2020 | T31: 2018, 2019, 2020 | U31: https://doi.org/10.17190/AMF/1987599 | V31: 2018 | W31: 2020 | X31: 2018, 2019, 2020 | Y31: https://doi.org/10.17190/AMF/2469435 | Z31: 2018 | AA31: 2020 | AB31: ALB, CH4, CO2, CO2_MIXING_RATIO, FC, FCH4, FCH4_SSITC_TEST, FC_SSITC_TEST, FETCH_70, FETCH_90, FETCH_MAX, G, GPP, H, H2O, H2O_MIXING_RATIO, H_SSITC_TEST, LE, LE_SSITC_TEST, LW_IN, LW_OUT, MO_LENGTH, NEE, PA, PPFD_IN, P_RAIN, RECO, RH, SW_IN, SW_OUT, TA, TAU, TAU_SSITC_TEST, TS, T_SONIC, USTAR, VPD, WD, WS, WS_MAX, WTD, ZL
A32: CA-Ca1 | B32: British Columbia - 1949 Douglas-fir stand | C32: T. Andrew Black (andrew.black@ubc.ca) | D32: CC-BY-4.0 | E32: Yes | F32: Yes | G32: ENF | H32: Evergreen Needleleaf Forests: Lands dominated by woody vegetation with a percent cover >60% and height exceeding 2 meters. Almost all trees remain green all year. Canopy is never without green foliage. | I32: Cfb | J32: Marine West Coast: mild with no dry season, warm summer | K32: 1369 | L32: 9.93 | M32: Canada | N32: 49.8673 | O32: -125.3336 | P32: 300 | Q32: 15 | R32: 1996 | S32: 2010 | T32: 1996, 1997, 1998, 1999, 2000, 2001, 2002, 2003, 2004, 2005, 2006, 2007, 2008, 2009, 2010 | U32: https://doi.org/10.17190/AMF/1480300 | V32: 1996 | W32: 2010 | X32: 1996, 1997, 1998, 1999, 2000, 2001, 2002, 2003, 2004, 2005, 2006, 2007, 2008, 2009, 2010 | Y32: https://doi.org/10.17190/AMF/2007163 | Z32: 1997 | AB32: CO2, FC, G, GPP, H, H2O, LE, LW_IN, LW_OUT, NEE, NETRAD, PA, PPFD_BC_IN, PPFD_DIF, PPFD_IN, PPFD_OUT, P_RAIN, RECO, RH, SB, SC, SH, SLE, SWC, SW_IN, SW_OUT, TA, T_BOLE, TS, T_SONIC, USTAR, WD, WS
A33: CA-Ca2 | B33: British Columbia - Clearcut Douglas-fir stand (harvested winter 1999/2000) | C33: T. Andrew Black (andrew.black@ubc.ca) | D33: CC-BY-4.0 | E33: Yes | F33: Yes | G33: ENF | H33: Evergreen Needleleaf Forests: Lands dominated by woody vegetation with a percent cover >60% and height exceeding 2 meters. Almost all trees remain green all year. Canopy is never without green foliage. | I33: Cfb | J33: Marine West Coast: mild with no dry season, warm summer | K33: 1474 | L33: 9.86 | M33: Canada | N33: 49.8705 | O33: -125.2909 | P33: 300 | Q33: 12 | R33: 1999 | S33: 2010 | T33: 1999, 2000, 2001, 2002, 2003, 2004, 2005, 2006, 2007, 2008, 2009, 2010 | U33: https://doi.org/10.17190/AMF/1480301 | V33: 1999 | W33: 2010 | X33: 1999, 2000, 2001, 2002, 2003, 2004, 2005, 2006, 2007, 2008, 2009, 2010 | Y33: https://doi.org/10.17190/AMF/2007164 | Z33: 2000 | AB33: CO2, FC, G, GPP, H, H2O, LE, NEE, NETRAD, PA, PPFD_IN, PPFD_OUT, P_RAIN, RECO, RH, SB, SC, SH, SLE, SWC, SW_IN, SW_OUT, TA, T_BOLE, TS, USTAR, WD, WS
A34: CA-Ca3 | B34: British Columbia - Pole sapling Douglas-fir stand | C34: T. Andrew Black (andrew.black@ubc.ca) | D34: CC-BY-4.0 | E34: Yes | F34: No | G34: ENF | H34: Evergreen Needleleaf Forests: Lands dominated by woody vegetation with a percent cover >60% and height exceeding 2 meters. Almost all trees remain green all year. Canopy is never without green foliage. | I34: Cfb | J34: Marine West Coast: mild with no dry season, warm summer | K34: 1676 | L34: 9.94 | M34: Canada | N34: 49.5346 | O34: -124.9004 | Q34: 22 | R34: 2001 | S34: 2022 | T34: 2001, 2002, 2003, 2004, 2005, 2006, 2007, 2008, 2009, 2010, 2011, 2012, 2013, 2014, 2015, 2016, 2017, 2018, 2019, 2020, 2021, 2022 | U34: https://doi.org/10.17190/AMF/1480302 | Z34: 2001 | AB34: CO2, FC, G, GPP, H, H2O, LE, LW_IN, LW_OUT, NEE, NETRAD, PA, PPFD_DIF, PPFD_IN, PPFD_OUT, P_RAIN, RECO, RH, SB, SC, SG, SH, SLE, SWC, SW_IN, SW_OUT, TA, T_BOLE, TS, T_SONIC, T_SONIC_SIGMA, U_SIGMA, USTAR, VPD, V_SIGMA, WD, WS, W_SIGMA
A35: CA-Cbo | B35: Ontario - Mixed Deciduous, Borden Forest Site | C35: Ralf Staebler (Ralf.Staebler@ec.gc.ca) | D35: CC-BY-4.0 | E35: Yes | F35: Yes | G35: DBF | H35: Deciduous Broadleaf Forests: Lands dominated by woody vegetation with a percent cover >60% and height exceeding 2 meters. Consists of broadleaf tree communities with an annual cycle of leaf-on and leaf-off periods. | I35: Dfb | J35: Warm Summer Continental: significant precipitation in all seasons | K35: 876.34 | L35: 6.66 | M35: Canada | N35: 44.3167 | O35: -79.9333 | P35: 120 | Q35: 27 | R35: 1994 | S35: 2020 | T35: 1994, 1995, 1996, 1997, 1998, 1999, 2000, 2001, 2002, 2003, 2004, 2005, 2006, 2007, 2008, 2009, 2010, 2011, 2012, 2013, 2014, 2015, 2016, 2017, 2018, 2019, 2020 | U35: https://doi.org/10.17190/AMF/1498755 | V35: 1994 | W35: 2020 | X35: 1994, 1995, 1996, 1997, 1998, 1999, 2000, 2001, 2002, 2003, 2004, 2005, 2006, 2007, 2008, 2009, 2010, 2011, 2012, 2013, 2014, 2015, 2016, 2017, 2018, 2019, 2020 | Y35: https://doi.org/10.17190/AMF/1854365 | Z35: 1995 | AB35: CO2, CO2_SIGMA, FC, FO3, G, H, H2O, LE, LEAF_WET, LW_IN, LW_OUT, NEE, NETRAD, O3, PA, PPFD_IN, PPFD_OUT, RH, SC, SO2, SWC, SW_IN, SW_OUT, TA, T_BOLE, TS, T_SONIC, USTAR, WD, WS, W_SIGMA
A36: CA-CF1 | B36: Churchill Fen Site 1 | C36: Tim Papakyriakou (Tim.papakyriakou@umanitoba.ca) | D36: CC-BY-4.0 | E36: Yes | F36: Yes | G36: WET | H36: Permanent Wetlands: Lands with a permanent mixture of water and herbaceous or woody vegetation that cover extensive areas. The vegetation can be present in either salt, brackish, or fresh water | I36: Dfc | J36: Subarctic: severe winter, no dry season, cool summer | K36: 452 | L36: -6.5 | M36: Canada | N36: 58.6658 | O36: -93.83 | P36: 16.5 | Q36: 2 | R36: 2007 | S36: 2008 | T36: 2007, 2008 | U36: https://doi.org/10.17190/AMF/1660336 | V36: 2007 | W36: 2008 | X36: 2007, 2008 | Y36: https://doi.org/10.17190/AMF/2229375 | Z36: 2007 | AA36: 2008 | AB36: CO2, FC, H, H2O, LE, NETRAD, PA, PPFD_IN, P_RAIN, RH, SW_IN, TA, TS, USTAR, WD, WS
A37: CA-CF2 | B37: Churchill Fen Site 2 | C37: Mario Tenuta (Mario.Tenuta@umanitoba.ca) | D37: CC-BY-4.0 | E37: Yes | F37: No | G37: WET | H37: Permanent Wetlands: Lands with a permanent mixture of water and herbaceous or woody vegetation that cover extensive areas. The vegetation can be present in either salt, brackish, or fresh water | I37: Dfc | J37: Subarctic: severe winter, no dry season, cool summer | K37: 452 | L37: -6.5 | M37: Canada | N37: 58.6658 | O37: -93.83 | P37: 16.5 | Q37: 4 | R37: 2008 | S37: 2011 | T37: 2008, 2009, 2010, 2011 | U37: https://doi.org/10.17190/AMF/1634879 | Z37: 2008 | AA37: 2011 | AB37: CH4, CO2, FC, FCH4, H, H2O, LE, NETRAD, PA, PPFD_IN, P_RAIN, RH, SW_IN, TA, TS, USTAR, WD, WS
A38: CA-CF3 | B38: Churchill Fen Site 3 | C38: Susan Natali (snatali@woodwellclimate.org) | D38: CC-BY-4.0 | E38: Yes | F38: No | G38: WET | H38: Permanent Wetlands: Lands with a permanent mixture of water and herbaceous or woody vegetation that cover extensive areas. The vegetation can be present in either salt, brackish, or fresh water | I38: Dfc | J38: Subarctic: severe winter, no dry season, cool summer | M38: Canada | N38: 58.6658 | O38: -93.8304 | P38: 25 | Q38: 2 | R38: 2022 | S38: 2023 | T38: 2022, 2023 | U38: https://doi.org/10.17190/AMF/2335573 | Z38: 2022 | AB38: ALB, CH4, CH4_MIXING_RATIO, CO2, CO2_MIXING_RATIO, D_SNOW, FC, FCH4, FCH4_SSITC_TEST, FC_SSITC_TEST, FH2O, G, GPP, H, H2O, H_SSITC_TEST, LE, LE_SSITC_TEST, LW_IN, LW_OUT, MO_LENGTH, NETRAD, P, PA, PPFD_IN, PPFD_OUT, RECO, RH, SWC, SW_IN, SW_OUT, TA, TAU, TAU_SSITC_TEST, TS, T_SONIC, U_SIGMA, USTAR, VPD, V_SIGMA, WD, WS, W_SIGMA, WS_MAX, ZL
A39: CA-Cha | B39: New Brunswick - Charlie Lake site 01 (immature balsam fir forest to be thinned in year 3) | C39: Charles Bourque (cbourque@unb.ca) | D39: CC-BY-4.0 | E39: Yes | F39: No | G39: MF | H39: Mixed Forests: Lands dominated by trees with a percent cover >60% and height exceeding 2 meters. Consists of tree communities with interspersed mixtures or mosaics of the other four forest types. None of the forest types exceeds 60% of landscape. | I39: Dfb | J39: Warm Summer Continental: significant precipitation in all seasons | K39: 971.68 | L39: 3.46 | M39: Canada | N39: 45.8847 | O39: -67.3569 | P39: 341 | Q39: 2 | R39: 2004 | S39: 2005 | T39: 2004, 2005 | U39: https://doi.org/10.17190/AMF/1436317 | Z39: 2004 | AA39: 2005 | AB39: FC, G, H, LE, NETRAD, PA, PPFD_IN, P_RAIN, RH, SWC, SW_IN, SW_OUT, TA, TS, USTAR, WD, WS
A40: CA-CQ1 | B40: Québec. Carbonique1 - Lac Saint-Pierre Disturbed Marsh | C40: Sara Knox (sara.knox@mcgill.ca) | D40: CC-BY-4.0 | E40: No | F40: No | G40: CRO | H40: Croplands: Lands covered with temporary crops followed by harvest and a bare soil period (e.g., single and multiple cropping systems). Note that perennial woody crops will be classified as the appropriate forest or shrub land cover type. | I40: Dfb | J40: Warm Summer Continental: significant precipitation in all seasons | K40: 872.8 | L40: 5.9 | M40: Canada | N40: 46.1645 | O40: -72.685 | P40: 6 | Q40: 0 | Z40: 2024
A41: CA-DB2 | B41: Delta Burns Bog 2 | C41: Sara Knox (sara.knox@ubc.ca) | D41: CC-BY-4.0 | E41: Yes | F41: Yes | G41: WET | H41: Permanent Wetlands: Lands with a permanent mixture of water and herbaceous or woody vegetation that cover extensive areas. The vegetation can be present in either salt, brackish, or fresh water | M41: Canada | N41: 49.119 | O41: -122.9951 | P41: 4 | Q41: 2 | R41: 2019 | S41: 2020 | T41: 2019, 2020 | U41: https://doi.org/10.17190/AMF/1811362 | V41: 2019 | W41: 2020 | X41: 2019, 2020 | Y41: https://doi.org/10.17190/AMF/1881564 | Z41: 2019 | AB41: CO2, FC, FCH4, G, H, LE, LW_IN, LW_OUT, NETRAD, P, PA, RH, SW_IN, SW_OUT, TA, TS, T_SONIC, USTAR, WD, WS, WTD
A42: CA-DBB | B42: Delta Burns Bog | C42: Sara Knox (sara.knox@ubc.ca) | D42: CC-BY-4.0 | E42: Yes | F42: Yes | G42: WET | H42: Permanent Wetlands: Lands with a permanent mixture of water and herbaceous or woody vegetation that cover extensive areas. The vegetation can be present in either salt, brackish, or fresh water | I42: Csb | J42: Mediterranean: mild with dry, warm summer | K42: 1128 | L42: 10 | M42: Canada | N42: 49.1293 | O42: -122.9849 | P42: 4 | Q42: 7 | R42: 2014 | S42: 2020 | T42: 2014, 2015, 2016, 2017, 2018, 2019, 2020 | U42: https://doi.org/10.17190/AMF/1543378 | V42: 2014 | W42: 2020 | X42: 2014, 2015, 2016, 2017, 2018, 2019, 2020 | Y42: https://doi.org/10.17190/AMF/1881565 | Z42: 2014 | AB42: CO2, FC, FCH4, G, H, LE, LW_IN, LW_OUT, NETRAD, P, PA, RH, SW_IN, SW_OUT, TA, TS, T_SONIC, USTAR, WD, WS, WTD
A43: CA-DL1 | B43: Daring Lake - Mixed Tundra | C43: Peter Lafleur (plafleur@trentu.ca) | D43: CC-BY-4.0 | E43: No | F43: No | G43: OSH | H43: Open Shrublands: Lands with woody vegetation less than 2 meters tall and with shrub canopy cover between 10-60%. The shrub foliage can be either evergreen or deciduous. | I43: Dfc | J43: Subarctic: severe winter, no dry season, cool summer | K43: 250 | L43: -9 | M43: Canada | N43: 64.8689 | O43: -111.5748 | P43: 425 | Q43: 0 | Z43: 2004
A44: CA-DL2 | B44: Daring Lake - Fen | C44: Peter Lafleur (plafleur@trentu.ca) | D44: CC-BY-4.0 | E44: No | F44: No | G44: WET | H44: Permanent Wetlands: Lands with a permanent mixture of water and herbaceous or woody vegetation that cover extensive areas. The vegetation can be present in either salt, brackish, or fresh water | I44: Dfc | J44: Subarctic: severe winter, no dry season, cool summer | K44: 250 | L44: -9 | M44: Canada | N44: 64.8648 | O44: -111.5677 | P44: 416 | Q44: 0 | Z44: 2006
A45: CA-DSM | B45: Delta Salt Marsh | C45: Sara Knox (sara.knox@ubc.ca) | D45: CC-BY-4.0 | E45: Yes | F45: No | G45: WET | H45: Permanent Wetlands: Lands with a permanent mixture of water and herbaceous or woody vegetation that cover extensive areas. The vegetation can be present in either salt, brackish, or fresh water | I45: Csb | J45: Mediterranean: mild with dry, warm summer | K45: 1077.8 | L45: 10.6 | M45: Canada | N45: 49.0887 | O45: -122.8954 | Q45: 1 | R45: 2022 | S45: 2022 | T45: 2022 | U45: https://doi.org/10.17190/AMF/1964085 | Z45: 2021 | AB45: ALB, CH4, CO2, COND_WATER, DO, FC, FCH4, G, H, H2O, LE, LW_IN, LW_OUT, NDVI, NEE, NETRAD, P, PA, PPFD_DIF, PPFD_IN, PPFD_OUT, PRI, RH, SC, SCH4, SH, SLE, SW_IN, SW_OUT, TA, TAU, TS, TW, U_SIGMA, USTAR, VPD, V_SIGMA, WD, WS, W_SIGMA, WTD
A46: CA-EM1 | B46: Newdale Manitoba | C46: Pascal Badiou (p_badiou@ducks.ca) | D46: CC-BY-4.0 | E46: Yes | F46: Yes | G46: WET | H46: Permanent Wetlands: Lands with a permanent mixture of water and herbaceous or woody vegetation that cover extensive areas. The vegetation can be present in either salt, brackish, or fresh water | I46: Dfb | J46: Warm Summer Continental: significant precipitation in all seasons | K46: 504.8 | L46: 1.3 | M46: Canada | N46: 50.3623 | O46: -100.2024 | P46: 607.9 | Q46: 3 | R46: 2021 | S46: 2023 | T46: 2021, 2022, 2023 | U46: https://doi.org/10.17190/AMF/2315766 | V46: 2021 | W46: 2023 | X46: 2021, 2022, 2023 | Y46: https://doi.org/10.17190/AMF/2469436 | Z46: 2021 | AB46: ALB, CH4, CO2, FC, FCH4, H, H2O, LE, LW_IN, LW_OUT, NEE, NETRAD, P, PA, PPFD_IN, RH, SC, SCH4, SH, SLE, SW_IN, SW_OUT, TA, TAU, TS, U_SIGMA, USTAR, VPD, V_SIGMA, WD, WS, W_SIGMA
A47: CA-EM2 | B47: Shoal Lake Manitoba | C47: Pascal Badiou (p_badiou@ducks.ca) | D47: CC-BY-4.0 | E47: Yes | F47: No | G47: WET | H47: Permanent Wetlands: Lands with a permanent mixture of water and herbaceous or woody vegetation that cover extensive areas. The vegetation can be present in either salt, brackish, or fresh water | I47: Dfb | J47: Warm Summer Continental: significant precipitation in all seasons | K47: 473.4 | L47: 1.5 | M47: Canada | N47: 50.3706 | O47: -100.5339 | P47: 554.3 | Q47: 3 | R47: 2021 | S47: 2023 | T47: 2021, 2022, 2023 | U47: https://doi.org/10.17190/AMF/2331380 | Z47: 2021 | AB47: ALB, CH4, CO2, FC, FCH4, H, H2O, LE, LW_IN, LW_OUT, NEE, NETRAD, P, PA, PPFD_IN, RH, SC, SCH4, SH, SLE, SW_IN, SW_OUT, TA, TAU, TS, U_SIGMA, USTAR, VPD, V_SIGMA, WD, WS, W_SIGMA
A48: CA-EM3 | B48: Oak Hammock Marsh Manitoba | C48: Pascal Badiou (p_badiou@ducks.ca) | D48: CC-BY-4.0 | E48: No | F48: No | G48: WET | H48: Permanent Wetlands: Lands with a permanent mixture of water and herbaceous or woody vegetation that cover extensive areas. The vegetation can be present in either salt, brackish, or fresh water | I48: Dfb | J48: Warm Summer Continental: significant precipitation in all seasons | K48: 521.1 | L48: 3 | M48: Canada | N48: 50.1738 | O48: -97.1231 | P48: 255 | Q48: 0 | Z48: 2023
A49: CA-ER1 | B49: Elora Research Station | C49: Claudia Wagner-Riddle (cwagnerr@uoguelph.ca) | D49: CC-BY-4.0 | E49: Yes | F49: Yes | G49: CRO | H49: Croplands: Lands covered with temporary crops followed by harvest and a bare soil period (e.g., single and multiple cropping systems). Note that perennial woody crops will be classified as the appropriate forest or shrub land cover type. | I49: Dfb | J49: Warm Summer Continental: significant precipitation in all seasons | K49: 946 | L49: 6.7 | M49: Canada | N49: 43.6405 | O49: -80.4123 | P49: 370 | Q49: 7 | R49: 2015 | S49: 2021 | T49: 2015, 2016, 2017, 2018, 2019, 2020, 2021 | U49: https://doi.org/10.17190/AMF/1579541 | V49: 2015 | W49: 2020 | X49: 2015, 2016, 2017, 2018, 2019, 2020 | Y49: https://doi.org/10.17190/AMF/1832154 | Z49: 2015 | AB49: CO2, CO2_SIGMA, FC, H, H2O, H2O_SIGMA, LE, MO_LENGTH, PA, RH, SW_IN, TA, TAU, T_SONIC, T_SONIC_SIGMA, U_SIGMA, USTAR, VPD, V_SIGMA, WD, WS, W_SIGMA, WS_MAX, ZL
A50: CA-ER2 | B50: Elora Research Station | C50: Claudia Wagner-Riddle (cwagnerr@uoguelph.ca) | D50: CC-BY-4.0 | E50: No | F50: No | G50: CRO | H50: Croplands: Lands covered with temporary crops followed by harvest and a bare soil period (e.g., single and multiple cropping systems). Note that perennial woody crops will be classified as the appropriate forest or shrub land cover type. | I50: Dfb | J50: Warm Summer Continental: significant precipitation in all seasons | K50: 946 | L50: 6.7 | M50: Canada | N50: 43.6419 | O50: -80.414 | P50: 370 | Q50: 0 | Z50: 2015
A51: CA-Gro | B51: Ontario - Groundhog River, Boreal Mixedwood Forest | C51: Harry McCaughey (mccaughe@queensu.ca) | D51: CC-BY-4.0 | E51: Yes | F51: Yes | G51: MF | H51: Mixed Forests: Lands dominated by trees with a percent cover >60% and height exceeding 2 meters. Consists of tree communities with interspersed mixtures or mosaics of the other four forest types. None of the forest types exceeds 60% of landscape. | I51: Dfb | J51: Warm Summer Continental: significant precipitation in all seasons | K51: 831 | L51: 1.3 | M51: Canada | N51: 48.2167 | O51: -82.1556 | P51: 340 | Q51: 12 | R51: 2003 | S51: 2014 | T51: 2003, 2004, 2005, 2006, 2007, 2008, 2009, 2010, 2011, 2012, 2013, 2014 | U51: https://doi.org/10.17190/AMF/1245996 | V51: 2003 | W51: 2014 | X51: 2003, 2004, 2005, 2006, 2007, 2008, 2009, 2010, 2011, 2012, 2013, 2014 | Y51: https://doi.org/10.17190/AMF/1902823 | Z51: 2003 | AB51: CO2, FC, G, H, H2O, LE, LW_IN, LW_OUT, NEE, NETRAD, P, PA, PPFD_DIF, PPFD_IN, PPFD_OUT, RECO, RH, SC, SH, SLE, SWC, SW_IN, SW_OUT, TA, TS, USTAR, VPD, WD, WS
A52: CA-HPC | B52: Havikpak Creek | C52: Phil Marsh (pmarsh@wlu.ca) | D52: CC-BY-4.0 | E52: Yes | F52: Yes | G52: ENF | H52: Evergreen Needleleaf Forests: Lands dominated by woody vegetation with a percent cover >60% and height exceeding 2 meters. Almost all trees remain green all year. Canopy is never without green foliage. | I52: Dfc | J52: Subarctic: severe winter, no dry season, cool summer | K52: 240.6 | L52: -8.2 | M52: Canada | N52: 68.3203 | O52: -133.5188 | P52: 80 | Q52: 1 | R52: 2018 | S52: 2018 | T52: 2018 | U52: https://doi.org/10.17190/AMF/1773392 | V52: 2018 | W52: 2018 | X52: 2018 | Y52: https://doi.org/10.17190/AMF/2469437 | Z52: 2013 | AB52: ALB, CH4, CO2, D_SNOW, FC, FCH4, FCH4_SSITC_TEST, FC_SSITC_TEST, GPP, H, H2O, H_SSITC_TEST, LE, LE_SSITC_TEST, LW_IN, LW_OUT, MO_LENGTH, NEE, P, PA, PPFD_IN, PPFD_OUT, RECO, RH, SC, SCH4, SH, SLE, SW_IN, SW_OUT, TA, TS, T_SONIC, USTAR, VPD, V_SIGMA, WD, WS, W_SIGMA, ZL
A53: CA-KLP | B53: Kinoje Lake Peatland | C53: Elyn Humphreys (elynhumphreys@cunet.carleton.ca) | D53: CC-BY-4.0 | E53: No | F53: No | G53: WET | H53: Permanent Wetlands: Lands with a permanent mixture of water and herbaceous or woody vegetation that cover extensive areas. The vegetation can be present in either salt, brackish, or fresh water | I53: Dfb | J53: Warm Summer Continental: significant precipitation in all seasons | K53: 680 | L53: -1.1 | M53: Canada | N53: 51.5902 | O53: -81.7684 | P53: 71 | Q53: 0 | Z53: 2009
A54: CA-Let | B54: Alberta - Mixed Grass Prairie | C54: Lawrence B. Flanagan (larry.flanagan@uleth.ca) | D54: Legacy | E54: Yes | F54: No | G54: GRA | H54: Grasslands: Lands with herbaceous types of cover. Tree and shrub cover is less than 10%. Permanent wetlands lands with a permanent mixture of water and herbaceous or woody vegetation. The vegetation can be present in either salt, brackish, or fresh water. | I54: Dfb | J54: Warm Summer Continental: significant precipitation in all seasons | K54: 398.4 | L54: 5.36 | M54: Canada | N54: 49.7093 | O54: -112.9402 | P54: 960 | Q54: 11 | R54: 1998 | S54: 2008 | T54: 1998, 1999, 2000, 2001, 2002, 2003, 2004, 2005, 2006, 2007, 2008 | U54: https://doi.org/10.17190/AMF/1436318 | Z54: 1998 | AB54: CO2, G, H, H2O, LE, MO_LENGTH, NEE, NETRAD, PA, PPFD_IN, PPFD_OUT, P_RAIN, RH, SWC, SW_IN, SW_OUT, TA, TAU, TS, USTAR, VPD, WD, WS
A55: CA-LP1 | B55: British Columbia - Mountain pine beetle-attacked lodgepole pine stand | C55: Thomas Andrew Black (andrew.black@ubc.ca) | D55: CC-BY-4.0 | E55: Yes | F55: Yes | G55: ENF | H55: Evergreen Needleleaf Forests: Lands dominated by woody vegetation with a percent cover >60% and height exceeding 2 meters. Almost all trees remain green all year. Canopy is never without green foliage. | I55: Csa | J55: Mediterranean: mild with dry, hot summer | K55: 570 | L55: 2 | M55: Canada | N55: 55.1119 | O55: -122.8414 | P55: 751 | Q55: 16 | R55: 2007 | S55: 2022 | T55: 2007, 2008, 2009, 2010, 2011, 2012, 2013, 2014, 2015, 2016, 2017, 2018, 2019, 2020, 2021, 2022 | U55: https://doi.org/10.17190/AMF/1660337 | V55: 2007 | W55: 2022 | X55: 2007, 2008, 2009, 2010, 2011, 2012, 2013, 2014, 2015, 2016, 2017, 2018, 2019, 2020, 2021, 2022 | Y55: https://doi.org/10.17190/AMF/1832155 | Z55: 2007 | AB55: CO2, FC, G, GPP, H, H2O, LE, LW_IN, LW_OUT, NEE, NETRAD, P, PA, PPFD_IN, PPFD_OUT, RECO, RH, SC, SWC, SW_IN, SW_OUT, TA, TS, T_SONIC, T_SONIC_SIGMA, USTAR, VPD, WD, WS
A56: CA-LuM | B56: Luther Marsh Wildlife Management Area | C56: Elisa Fleischer (elisa.fleischer@uni-muenster.de) | D56: Legacy | E56: No | F56: No | G56: WET | H56: Permanent Wetlands: Lands with a permanent mixture of water and herbaceous or woody vegetation that cover extensive areas. The vegetation can be present in either salt, brackish, or fresh water | I56: Dfb | J56: Warm Summer Continental: significant precipitation in all seasons | K56: 905 | L56: 6.6 | M56: Canada | N56: 43.9201 | O56: -80.4052 | P56: 485 | Q56: 0 | Z56: 2014 | AA56: 2014
A57: CA-MA1 | B57: Manitoba Agricultural Site 1 | C57: Brian Amiro (brian_amiro@umanitoba.ca) | D57: CC-BY-4.0 | E57: Yes | F57: Yes | G57: CRO | H57: Croplands: Lands covered with temporary crops followed by harvest and a bare soil period (e.g., single and multiple cropping systems). Note that perennial woody crops will be classified as the appropriate forest or shrub land cover type. | I57: Dfb | J57: Warm Summer Continental: significant precipitation in all seasons | K57: 514 | L57: 2.6 | M57: Canada | N57: 50.1645 | O57: -97.8762 | P57: 261 | Q57: 3 | R57: 2009 | S57: 2011 | T57: 2009, 2010, 2011 | U57: https://doi.org/10.17190/AMF/1617701 | V57: 2009 | W57: 2011 | X57: 2009, 2010, 2011 | Y57: https://doi.org/10.17190/AMF/2007165 | Z57: 2009 | AA57: 2011 | AB57: CO2, FC, G, H, H2O, LE, LW_IN, LW_OUT, NETRAD, PA, PPFD_IN, PPFD_OUT, P_RAIN, RH, SWC, SW_IN, SW_OUT, TA, TS, T_SONIC, USTAR, WD, WS
A58: CA-MA2 | B58: Manitoba Agricultural Site 2 | C58: Brian Amiro (brian_amiro@umanitoba.ca) | D58: CC-BY-4.0 | E58: Yes | F58: Yes | G58: CRO | H58: Croplands: Lands covered with temporary crops followed by harvest and a bare soil period (e.g., single and multiple cropping systems). Note that perennial woody crops will be classified as the appropriate forest or shrub land cover type. | I58: Dfb | J58: Warm Summer Continental: significant precipitation in all seasons | K58: 514 | L58: 2.6 | M58: Canada | N58: 50.171 | O58: -97.8762 | P58: 261 | Q58: 3 | R58: 2009 | S58: 2011 | T58: 2009, 2010, 2011 | U58: https://doi.org/10.17190/AMF/1617702 | V58: 2009 | W58: 2011 | X58: 2009, 2010, 2011 | Y58: https://doi.org/10.17190/AMF/2007166 | Z58: 2009 | AA58: 2011 | AB58: CO2, FC, G, H, H2O, LE, LW_IN, LW_OUT, NETRAD, PA, PPFD_IN, PPFD_OUT, P_RAIN, RH, SWC, SW_IN, SW_OUT, TA, TS, T_SONIC, USTAR, WD, WS
A59: CA-MA3 | B59: Manitoba Agricultural Site 3 | C59: Brian Amiro (brian_amiro@umanitoba.ca) | D59: CC-BY-4.0 | E59: Yes | F59: Yes | G59: GRA | H59: Grasslands: Lands with herbaceous types of cover. Tree and shrub cover is less than 10%. Permanent wetlands lands with a permanent mixture of water and herbaceous or woody vegetation. The vegetation can be present in either salt, brackish, or fresh water. | I59: Dfb | J59: Warm Summer Continental: significant precipitation in all seasons | K59: 514 | L59: 2.6 | M59: Canada | N59: 50.1774 | O59: -97.8686 | P59: 261 | Q59: 3 | R59: 2009 | S59: 2011 | T59: 2009, 2010, 2011 | U59: https://doi.org/10.17190/AMF/1617703 | V59: 2009 | W59: 2011 | X59: 2009, 2010, 2011 | Y59: https://doi.org/10.17190/AMF/2007167 | Z59: 2009 | AA59: 2011 | AB59: CO2, FC, G, H, H2O, LE, LW_IN, LW_OUT, NETRAD, PA, PPFD_IN, PPFD_OUT, P_RAIN, RH, SWC, SW_IN, SW_OUT, TA, TS, T_SONIC, USTAR, WD, WS
A60: CA-Man | B60: Manitoba - Northern Old Black Spruce (former BOREAS Northern Study Area) | C60: Brian Amiro (Brian_Amiro@umanitoba.ca) | D60: CC-BY-4.0 | E60: Yes | F60: No | G60: ENF | H60: Evergreen Needleleaf Forests: Lands dominated by woody vegetation with a percent cover >60% and height exceeding 2 meters. Almost all trees remain green all year. Canopy is never without green foliage. | I60: Dfc | J60: Subarctic: severe winter, no dry season, cool summer | K60: 520 | L60: -3.2 | M60: Canada | N60: 55.8796 | O60: -98.4808 | P60: 259 | Q60: 15 | R60: 1994 | S60: 2008 | T60: 1994, 1995, 1996, 1997, 1998, 1999, 2000, 2001, 2002, 2003, 2004, 2005, 2006, 2007, 2008 | U60: https://doi.org/10.17190/AMF/1245997 | Z60: 1994 | AA60: 2008 | AB60: CO2, FC, GPP, H, H2O, LE, NEE, NETRAD, PA, PPFD_BC_IN, PPFD_IN, P_RAIN, RECO, RH, SC, TA, TS, USTAR, WD, WS, ZL
A61: CA-Mer | B61: Ontario - Eastern Peatland, Mer Bleue | C61: Peter Lafleur (plafleur@trentu.ca) | D61: CC-BY-4.0 | E61: Yes | F61: No | G61: WET | H61: Permanent Wetlands: Lands with a permanent mixture of water and herbaceous or woody vegetation that cover extensive areas. The vegetation can be present in either salt, brackish, or fresh water | I61: Dfb | J61: Warm Summer Continental: significant precipitation in all seasons | K61: 943 | L61: 6 | M61: Canada | N61: 45.4094 | O61: -75.5186 | P61: 70 | Q61: 23 | R61: 1998 | S61: 2020 | T61: 1998, 1999, 2000, 2001, 2002, 2003, 2004, 2005, 2006, 2007, 2008, 2009, 2010, 2011, 2012, 2013, 2014, 2015, 2016, 2017, 2018, 2019, 2020 | U61: https://doi.org/10.17190/AMF/2448423 | Z61: 1998 | AB61: CO2, D_SNOW, FC, FC_SSITC_TEST, G, H, H2O, H_SSITC_TEST, LE, LE_SSITC_TEST, LW_IN, LW_OUT, MO_LENGTH, NEE, PA, PPFD_IN, PPFD_OUT, P_RAIN, RH, SC, SH, SLE, SWC, SW_IN, SW_OUT, TA, TAU, TS, T_SONIC, T_SONIC_SIGMA, U_SIGMA, USTAR, VPD, V_SIGMA, WD, WS, W_SIGMA, WS_MAX, WTD
A62: CA-MR3 | B62: Mattheis Ranch - E3 South | C62: John Gamon (jgamon@gmail.com) | D62: Legacy | E62: Yes | F62: No | G62: GRA | H62: Grasslands: Lands with herbaceous types of cover. Tree and shrub cover is less than 10%. Permanent wetlands lands with a permanent mixture of water and herbaceous or woody vegetation. The vegetation can be present in either salt, brackish, or fresh water. | I62: Dwd | J62: Subarctic: severe, very cold and dry winter, cool summer | K62: 325 | M62: Canada | N62: 50.8671 | O62: -111.9045 | P62: 712 | Q62: 5 | R62: 2012 | S62: 2016 | T62: 2012, 2013, 2014, 2015, 2016 | U62: https://doi.org/10.17190/AMF/1480320 | Z62: 2012 | AB62: CO2, FC, FC_SSITC_TEST, FETCH_70, FETCH_90, GPP, H, H2O, H_SSITC_TEST, LE, LE_SSITC_TEST, NEE, PA, PPFD_IN, RECO, RH, SC, SH, SLE, TA, TAU, TAU_SSITC_TEST, T_SONIC, USTAR, VPD, WD, WS, WS_MAX
A63: CA-MR5 | B63: Mattheis Ranch - E5 North | C63: John Gamon (jgamon@gmail.com) | D63: Legacy | E63: Yes | F63: No | G63: GRA | H63: Grasslands: Lands with herbaceous types of cover. Tree and shrub cover is less than 10%. Permanent wetlands lands with a permanent mixture of water and herbaceous or woody vegetation. The vegetation can be present in either salt, brackish, or fresh water. | I63: Dwd | J63: Subarctic: severe, very cold and dry winter, cool summer | K63: 325 | M63: Canada | N63: 50.9056 | O63: -111.8823 | P63: 700 | Q63: 5 | R63: 2012 | S63: 2016 | T63: 2012, 2013, 2014, 2015, 2016 | U63: https://doi.org/10.17190/AMF/1480321 | Z63: 2012 | AB63: CO2, FC, FC_SSITC_TEST, FETCH_70, FETCH_90, GPP, H, H2O, H_SSITC_TEST, LE, LE_SSITC_TEST, NEE, PA, PPFD_IN, RECO, RH, SC, SH, SLE, TA, TAU, TAU_SSITC_TEST, T_SONIC, USTAR, VPD, WD, WS, WS_MAX
A64: CA-Mtk | B64: Mittimatalik (Pond Inlet) Tundra | C64: Susan Natali (snatali@woodwellclimate.org) | D64: CC-BY-4.0 | E64: No | F64: No | G64: GRA | H64: Grasslands: Lands with herbaceous types of cover. Tree and shrub cover is less than 10%. Permanent wetlands lands with a permanent mixture of water and herbaceous or woody vegetation. The vegetation can be present in either salt, brackish, or fresh water. | I64: ET | J64: Tundra | K64: 173 | L64: -14.5 | M64: Canada | N64: 72.6695 | O64: -77.9981 | P64: 15 | Q64: 0 | Z64: 2024
A65: CA-Na1 | B65: New Brunswick - 1967 Balsam Fir - Nashwaak Lake Site 01 (Mature balsam fir forest) | C65: Charles P.-A. Bourque (cbourque@unb.ca) | D65: CC-BY-4.0 | E65: Yes | F65: No | G65: ENF | H65: Evergreen Needleleaf Forests: Lands dominated by woody vegetation with a percent cover >60% and height exceeding 2 meters. Almost all trees remain green all year. Canopy is never without green foliage. | I65: Dfb | J65: Warm Summer Continental: significant precipitation in all seasons | K65: 1102.7 | L65: 7.09 | M65: Canada | N65: 46.4722 | O65: -67.1 | P65: 341 | Q65: 3 | R65: 2003 | S65: 2005 | T65: 2003, 2004, 2005 | U65: https://doi.org/10.17190/AMF/1436319 | Z65: 2003 | AB65: CO2, D_SNOW, FC, G, H, LE, LW_IN, LW_OUT, NETRAD, P, PA, PPFD_DIF, PPFD_IN, PPFD_OUT, P_RAIN, RH, SWC, SW_IN, SW_OUT, TA, T_BOLE, TS, USTAR, WD, WS
A66: CA-NS1 | B66: UCI-1850 burn site | C66: Mike Goulden (mgoulden@uci.edu) | D66: CC-BY-4.0 | E66: Yes | F66: Yes | G66: ENF | H66: Evergreen Needleleaf Forests: Lands dominated by woody vegetation with a percent cover >60% and height exceeding 2 meters. Almost all trees remain green all year. Canopy is never without green foliage. | I66: Dfc | J66: Subarctic: severe winter, no dry season, cool summer | K66: 500.29 | L66: -2.89 | M66: Canada | N66: 55.8792 | O66: -98.4839 | P66: 260 | Q66: 5 | R66: 2001 | S66: 2005 | T66: 2001, 2002, 2003, 2004, 2005 | U66: https://doi.org/10.17190/AMF/1245998 | V66: 2001 | W66: 2005 | X66: 2001, 2002, 2003, 2004, 2005 | Y66: https://doi.org/10.17190/AMF/1902824 | Z66: 2002 | AA66: 2005 | AB66: CO2, FC, H, H2O, LE, NETRAD, P, PPFD_IN, PPFD_OUT, RH, SWC, SW_IN, SW_OUT, TA, TS, USTAR, VPD, WD, WS
A67: CA-NS2 | B67: UCI-1930 burn site | C67: Mike Goulden (mgoulden@uci.edu) | D67: CC-BY-4.0 | E67: Yes | F67: Yes | G67: ENF | H67: Evergreen Needleleaf Forests: Lands dominated by woody vegetation with a percent cover >60% and height exceeding 2 meters. Almost all trees remain green all year. Canopy is never without green foliage. | I67: Dfc | J67: Subarctic: severe winter, no dry season, cool summer | K67: 499.82 | L67: -2.88 | M67: Canada | N67: 55.9058 | O67: -98.5247 | P67: 260 | Q67: 5 | R67: 2001 | S67: 2005 | T67: 2001, 2002, 2003, 2004, 2005 | U67: https://doi.org/10.17190/AMF/1245999 | V67: 2001 | W67: 2005 | X67: 2001, 2002, 2003, 2004, 2005 | Y67: https://doi.org/10.17190/AMF/1902825 | Z67: 2001 | AA67: 2005 | AB67: CO2, FC, H, H2O, LE, NETRAD, P, PPFD_IN, PPFD_OUT, RH, SWC, SW_IN, SW_OUT, TA, TS, USTAR, VPD, WD, WS
A68: CA-NS3 | B68: UCI-1964 burn site | C68: Mike Goulden (mgoulden@uci.edu) | D68: CC-BY-4.0 | E68: Yes | F68: Yes | G68: ENF | H68: Evergreen Needleleaf Forests: Lands dominated by woody vegetation with a percent cover >60% and height exceeding 2 meters. Almost all trees remain green all year. Canopy is never without green foliage. | I68: Dfc | J68: Subarctic: severe winter, no dry season, cool summer | K68: 502.22 | L68: -2.87 | M68: Canada | N68: 55.9117 | O68: -98.3822 | P68: 260 | Q68: 5 | R68: 2001 | S68: 2005 | T68: 2001, 2002, 2003, 2004, 2005 | U68: https://doi.org/10.17190/AMF/1246000 | V68: 2001 | W68: 2005 | X68: 2001, 2002, 2003, 2004, 2005 | Y68: https://doi.org/10.17190/AMF/1902826 | Z68: 2001 | AA68: 2005 | AB68: CO2, FC, H, H2O, LE, NETRAD, P, PPFD_IN, PPFD_OUT, RH, SWC, SW_IN, SW_OUT, TA, TS, USTAR, VPD, WD, WS
A69: CA-NS4 | B69: UCI-1964 burn site wet | C69: Mike Goulden (mgoulden@uci.edu) | D69: CC-BY-4.0 | E69: Yes | F69: Yes | G69: ENF | H69: Evergreen Needleleaf Forests: Lands dominated by woody vegetation with a percent cover >60% and height exceeding 2 meters. Almost all trees remain green all year. Canopy is never without green foliage. | I69: Dfc | J69: Subarctic: severe winter, no dry season, cool summer | K69: 502.22 | L69: -2.87 | M69: Canada | N69: 55.9144 | O69: -98.3806 | P69: 260 | Q69: 5 | R69: 2001 | S69: 2005 | T69: 2001, 2002, 2003, 2004, 2005 | U69: https://doi.org/10.17190/AMF/1246001 | V69: 2001 | W69: 2005 | X69: 2001, 2002, 2003, 2004, 2005 | Y69: https://doi.org/10.17190/AMF/1902827 | Z69: 2002 | AA69: 2004 | AB69: CO2, FC, H, H2O, LE, NETRAD, P, PPFD_IN, PPFD_OUT, RH, SWC, SW_IN, SW_OUT, TA, TS, USTAR, VPD, WD, WS
A70: CA-NS5 | B70: UCI-1981 burn site | C70: Mike Goulden (mgoulden@uci.edu) | D70: CC-BY-4.0 | E70: Yes | F70: Yes | G70: ENF | H70: Evergreen Needleleaf Forests: Lands dominated by woody vegetation with a percent cover >60% and height exceeding 2 meters. Almost all trees remain green all year. Canopy is never without green foliage. | I70: Dfc | J70: Subarctic: severe winter, no dry season, cool summer | K70: 500.34 | L70: -2.86 | M70: Canada | N70: 55.8631 | O70: -98.485 | P70: 260 | Q70: 5 | R70: 2001 | S70: 2005 | T70: 2001, 2002, 2003, 2004, 2005 | U70: https://doi.org/10.17190/AMF/1246002 | V70: 2001 | W70: 2005 | X70: 2001, 2002, 2003, 2004, 2005 | Y70: https://doi.org/10.17190/AMF/1902828 | Z70: 2001 | AA70: 2005 | AB70: CO2, FC, H, H2O, LE, NETRAD, P, PPFD_IN, PPFD_OUT, RH, SWC, SW_IN, SW_OUT, TA, TS, USTAR, VPD, WD, WS
A71: CA-NS6 | B71: UCI-1989 burn site | C71: Mike Goulden (mgoulden@uci.edu) | D71: CC-BY-4.0 | E71: Yes | F71: Yes | G71: OSH | H71: Open Shrublands: Lands with woody vegetation less than 2 meters tall and with shrub canopy cover between 10-60%. The shrub foliage can be either evergreen or deciduous. | I71: Dfc | J71: Subarctic: severe winter, no dry season, cool summer | K71: 495.37 | L71: -3.08 | M71: Canada | N71: 55.9167 | O71: -98.9644 | P71: 244 | Q71: 5 | R71: 2001 | S71: 2005 | T71: 2001, 2002, 2003, 2004, 2005 | U71: https://doi.org/10.17190/AMF/1246003 | V71: 2001 | W71: 2005 | X71: 2001, 2002, 2003, 2004, 2005 | Y71: https://doi.org/10.17190/AMF/1902829 | Z71: 2001 | AA71: 2005 | AB71: CO2, FC, H, H2O, LE, NETRAD, P, PPFD_IN, PPFD_OUT, RH, SWC, SW_IN, SW_OUT, TA, TS, USTAR, VPD, WD, WS
A72: CA-NS7 | B72: UCI-1998 burn site | C72: Mike Goulden (mgoulden@uci.edu) | D72: CC-BY-4.0 | E72: Yes | F72: Yes | G72: OSH | H72: Open Shrublands: Lands with woody vegetation less than 2 meters tall and with shrub canopy cover between 10-60%. The shrub foliage can be either evergreen or deciduous. | I72: Dfc | J72: Subarctic: severe winter, no dry season, cool summer | K72: 483.27 | L72: -3.52 | M72: Canada | N72: 56.6358 | O72: -99.9483 | P72: 297 | Q72: 5 | R72: 2001 | S72: 2005 | T72: 2001, 2002, 2003, 2004, 2005 | U72: https://doi.org/10.17190/AMF/1246004 | V72: 2001 | W72: 2005 | X72: 2001, 2002, 2003, 2004, 2005 | Z72: 2002 | AA72: 2005 | AB72: CO2, FC, H, H2O, LE, NETRAD, P, PPFD_IN, PPFD_OUT, RH, SWC, SW_IN, SW_OUT, TA, TS, USTAR, VPD, WD, WS
A73: CA-NS8 | B73: UCI-2003 burn site | C73: Mike Goulden (mgoulden@uci.edu) | D73: Legacy | E73: Yes | F73: No | G73: ENF | H73: Evergreen Needleleaf Forests: Lands dominated by woody vegetation with a percent cover >60% and height exceeding 2 meters. Almost all trees remain green all year. Canopy is never without green foliage. | I73: Dfc | J73: Subarctic: severe winter, no dry season, cool summer | K73: 506.69 | L73: -2.71 | M73: Canada | N73: 55.8981 | O73: -98.2161 | P73: 274 | Q73: 5 | R73: 2001 | S73: 2005 | T73: 2001, 2002, 2003, 2004, 2005 | U73: https://doi.org/10.17190/AMF/1246005 | Z73: 2001 | AA73: 2005 | AB73: APAR, CO2, FAPAR, FC, G, H, H2O, LE, LW_IN, LW_OUT, NEE, NETRAD, P, PA, PPFD_DIF, PPFD_IN, PPFD_OUT, RECO, RH, SC, SH, SLE, SWC, SW_DIF, SW_IN, SW_OUT, TA, TS, USTAR, VPD, WD, WS, ZL
A74: CA-Oas | B74: Saskatchewan - Western Boreal, Mature Aspen | C74: Andy Black (andrew.black@ubc.ca) | D74: CC-BY-4.0 | E74: Yes | F74: No | G74: DBF | H74: Deciduous Broadleaf Forests: Lands dominated by woody vegetation with a percent cover >60% and height exceeding 2 meters. Consists of broadleaf tree communities with an annual cycle of leaf-on and leaf-off periods. | I74: Dfc | J74: Subarctic: severe winter, no dry season, cool summer | K74: 428.53 | L74: 0.34 | M74: Canada | N74: 53.6289 | O74: -106.1978 | P74: 530 | Q74: 15 | R74: 1996 | S74: 2010 | T74: 1996, 1997, 1998, 1999, 2000, 2001, 2002, 2003, 2004, 2005, 2006, 2007, 2008, 2009, 2010 | U74: https://doi.org/10.17190/AMF/1375197 | Z74: 1997 | AB74: APAR, CO2, FAPAR, FC, G, H, H2O, LE, LW_IN, LW_OUT, NEE, NETRAD, P, PA, PPFD_DIF, PPFD_IN, PPFD_OUT, RECO, RH, SC, SH, SLE, SWC, SW_DIF, SW_IN, SW_OUT, TA, TS, USTAR, VPD, WD, WS, ZL
A75: CA-Obs | B75: Saskatchewan - Western Boreal, Mature Black Spruce | C75: Warren Helgason (warren.helgason@usask.ca) | D75: CC-BY-4.0 | E75: Yes | F75: No | G75: ENF | H75: Evergreen Needleleaf Forests: Lands dominated by woody vegetation with a percent cover >60% and height exceeding 2 meters. Almost all trees remain green all year. Canopy is never without green foliage. | I75: Dfc | J75: Subarctic: severe winter, no dry season, cool summer | K75: 405.6 | L75: 0.79 | M75: Canada | N75: 53.9872 | O75: -105.1178 | P75: 628.94 | Q75: 14 | R75: 1997 | S75: 2010 | T75: 1997, 1998, 1999, 2000, 2001, 2002, 2003, 2004, 2005, 2006, 2007, 2008, 2009, 2010 | U75: https://doi.org/10.17190/AMF/1375198 | Z75: 1999 | AB75: APAR, CO2, FAPAR, FC, G, H, H2O, LE, LW_IN, LW_OUT, NEE, NETRAD, P, PA, PPFD_DIF, PPFD_IN, PPFD_OUT, RECO, RH, SC, SH, SLE, SWC, SW_DIF, SW_IN, SW_OUT, TA, TS, USTAR, VPD, WD, WS, ZL
A76: CA-Ojp | B76: Saskatchewan - Western Boreal, Mature Jack Pine | C76: Warren Helgason (warren.helgason@usask.ca) | D76: CC-BY-4.0 | E76: Yes | F76: No | G76: ENF | H76: Evergreen Needleleaf Forests: Lands dominated by woody vegetation with a percent cover >60% and height exceeding 2 meters. Almost all trees remain green all year. Canopy is never without green foliage. | I76: Dfc | J76: Subarctic: severe winter, no dry season, cool summer | K76: 430.5 | L76: 0.12 | M76: Canada | N76: 53.9163 | O76: -104.692 | P76: 579 | Q76: 15 | R76: 1996 | S76: 2010 | T76: 1996, 1997, 1998, 1999, 2000, 2001, 2002, 2003, 2004, 2005, 2006, 2007, 2008, 2009, 2010 | U76: https://doi.org/10.17190/AMF/1375199 | Z76: 1999 | AB76: CO2, D_SNOW, FC, G, GPP, H, LE, LW_IN, LW_OUT, NEE, NETRAD, P, PA, PPFD_DIF, PPFD_IN, PPFD_OUT, RECO, RH, SB, SC, SH, SLE, SWC, SW_IN, SW_OUT, TA, T_BOLE, TS, USTAR, VPD, WD, WS
A77: CA-Qc2 | B77: Quebec - 1975 Harvested Black Spruce (HBS75) | C77: Hank Margolis (Hank.Margolis@sbf.ulaval.ca) | D77: CC-BY-4.0 | E77: Yes | F77: Yes | G77: MF | H77: Mixed Forests: Lands dominated by trees with a percent cover >60% and height exceeding 2 meters. Consists of tree communities with interspersed mixtures or mosaics of the other four forest types. None of the forest types exceeds 60% of landscape. | M77: Canada | N77: 49.7598 | O77: -74.5711 | Q77: 4 | R77: 2007 | S77: 2010 | T77: 2007, 2008, 2009, 2010 | U77: https://doi.org/10.17190/AMF/1419514 | V77: 2007 | W77: 2010 | X77: 2007, 2008, 2009, 2010 | Y77: https://doi.org/10.17190/AMF/2469438 | Z77: 2007 | AB77: CO2, D_SNOW, FC, G, GPP, H, LE, NEE, NETRAD, PA, PPFD_IN, PPFD_OUT, P_RAIN, RECO, RH, SC, SH, SLE, SWC, TA, TS, USTAR, WD, WS
A78: CA-Qcu | B78: Quebec - Eastern Boreal, Black Spruce/Jack Pine Cutover | C78: Hank A. Margolis (Hank.Margolis@sbf.ulaval.ca) | D78: Legacy | E78: Yes | F78: No | G78: ENF | H78: Evergreen Needleleaf Forests: Lands dominated by woody vegetation with a percent cover >60% and height exceeding 2 meters. Almost all trees remain green all year. Canopy is never without green foliage. | I78: Dfc | J78: Subarctic: severe winter, no dry season, cool summer | K78: 949.78 | L78: 0.13 | M78: Canada | N78: 49.2671 | O78: -74.0365 | P78: 392.3 | Q78: 10 | R78: 2001 | S78: 2010 | T78: 2001, 2002, 2003, 2004, 2005, 2006, 2007, 2008, 2009, 2010 | U78: https://doi.org/10.17190/AMF/1246828 | Z78: 2001 | AB78: APAR, CO2, FAPAR, FC, G, H, H2O, LE, LW_IN, LW_OUT, NEE, NETRAD, P, PA, PPFD_DIF, PPFD_IN, PPFD_OUT, RECO, RH, SC, SH, SLE, SWC, SW_DIF, SW_IN, SW_OUT, TA, TS, USTAR, VPD, WD, WS, ZL
A79: CA-Qfo | B79: Quebec - Eastern Boreal, Mature Black Spruce | C79: Hank A. Margolis (Hank.Margolis@sbf.ulaval.ca) | D79: CC-BY-4.0 | E79: Yes | F79: Yes | G79: ENF | H79: Evergreen Needleleaf Forests: Lands dominated by woody vegetation with a percent cover >60% and height exceeding 2 meters. Almost all trees remain green all year. Canopy is never without green foliage. | I79: Dfc | J79: Subarctic: severe winter, no dry season, cool summer | K79: 962.32 | L79: -0.36 | M79: Canada | N79: 49.6925 | O79: -74.3421 | P79: 382 | Q79: 8 | R79: 2003 | S79: 2010 | T79: 2003, 2004, 2005, 2006, 2007, 2008, 2009, 2010 | U79: https://doi.org/10.17190/AMF/1246829 | V79: 2003 | W79: 2010 | X79: 2003, 2004, 2005, 2006, 2007, 2008, 2009, 2010 | Y79: https://doi.org/10.17190/AMF/2006960 | Z79: 2003 | AB79: CO2, FC, G, H, LE, LW_IN, LW_OUT, NEE, NETRAD, P, PA, PPFD_DIF, PPFD_IN, PPFD_OUT, RECO, RH, SC, SH, SLE, SWC, SW_IN, SW_OUT, TA, TS, USTAR, VPD, WD, WS
A80: CA-RBM | B80: Richmond Brackish Marsh | C80: Sara Knox (sara.knox@ubc.ca) | D80: CC-BY-4.0 | E80: No | F80: No | G80: WET | H80: Permanent Wetlands: Lands with a permanent mixture of water and herbaceous or woody vegetation that cover extensive areas. The vegetation can be present in either salt, brackish, or fresh water | I80: Csb | J80: Mediterranean: mild with dry, warm summer | K80: 1152 | L80: 10.4 | M80: Canada | N80: 49.1313 | O80: -123.1964 | Q80: 0 | Z80: 2022
A81: CA-RPn | B81: Robinsons_Natural_Bog_NL | C81: Jianghua Wu (jwu@grenfell.mun.ca) | D81: Legacy | E81: No | F81: No | G81: OSH | H81: Open Shrublands: Lands with woody vegetation less than 2 meters tall and with shrub canopy cover between 10-60%. The shrub foliage can be either evergreen or deciduous. | I81: Dfb | J81: Warm Summer Continental: significant precipitation in all seasons | K81: 1340.4 | L81: 5 | M81: Canada | N81: 48.2604 | O81: -58.6632 | P81: 150 | Q81: 0 | Z81: 2014
A82: CA-RPp | B82: Robinsons_Peatland_Pasture_NL | C82: Jianghua Wu (jwu@grenfell.mun.ca) | D82: Legacy | E82: No | F82: No | G82: OSH | H82: Open Shrublands: Lands with woody vegetation less than 2 meters tall and with shrub canopy cover between 10-60%. The shrub foliage can be either evergreen or deciduous. | I82: Dfb | J82: Warm Summer Continental: significant precipitation in all seasons | K82: 1340.4 | L82: 5 | M82: Canada | N82: 48.2632 | O82: -58.667 | P82: 162 | Q82: 0 | Z82: 2014
A83: CA-RSB | B83: Resolute Bay Polar Desert | C83: Susan Natali (snatali@woodwellclimate.org) | D83: CC-BY-4.0 | E83: No | F83: No | G83: BSV | H83: Barren Sparse Vegetation: Lands exposed soil, sand, or rocks and has less than 10% vegetative cover during any time of the year. | I83: ET | J83: Tundra | K83: 199 | L83: -15 | M83: Canada | N83: 74.7279 | O83: -94.8985 | P83: 119 | Q83: 0 | Z83: 2024
A84: CA-SCB | B84: Scotty Creek Bog | C84: Oliver Sonnentag (oliver.sonnentag@umontreal.ca) | D84: CC-BY-4.0 | E84: Yes | F84: Yes | G84: WET | H84: Permanent Wetlands: Lands with a permanent mixture of water and herbaceous or woody vegetation that cover extensive areas. The vegetation can be present in either salt, brackish, or fresh water | I84: Dfc | J84: Subarctic: severe winter, no dry season, cool summer | K84: 388 | L84: -2.8 | M84: Canada | N84: 61.3089 | O84: -121.2984 | P84: 280 | Q84: 6 | R84: 2014 | S84: 2019 | T84: 2014, 2015, 2016, 2017, 2018, 2019 | U84: https://doi.org/10.17190/AMF/1498754 | V84: 2014 | W84: 2019 | X84: 2014, 2015, 2016, 2017, 2018, 2019 | Y84: https://doi.org/10.17190/AMF/2469439 | Z84: 2014 | AB84: ALB, CO2, D_SNOW, FC, FCH4, FCH4_SSITC_TEST, FC_SSITC_TEST, G, GPP, H, H2O, H_SSITC_TEST, LE, LE_SSITC_TEST, LW_IN, LW_OUT, MO_LENGTH, NEE, PA, P_RAIN, RECO, RH, SC, SCH4, SH, SLE, SW_IN, SW_OUT, TA, TS, USTAR, VPD, V_SIGMA, WD, WS, W_SIGMA, WS_MAX, WTD, ZL
A85: CA-SCC | B85: Scotty Creek Landscape | C85: Oliver Sonnentag (oliver.sonnentag@umontreal.ca) | D85: CC-BY-4.0 | E85: Yes | F85: Yes | G85: ENF | H85: Evergreen Needleleaf Forests: Lands dominated by woody vegetation with a percent cover >60% and height exceeding 2 meters. Almost all trees remain green all year. Canopy is never without green foliage. | I85: Dfc | J85: Subarctic: severe winter, no dry season, cool summer | K85: 387.6 | L85: -2.8 | M85: Canada | N85: 61.3079 | O85: -121.2992 | P85: 285 | Q85: 4 | R85: 2013 | S85: 2016 | T85: 2013, 2014, 2015, 2016 | U85: https://doi.org/10.17190/AMF/1480303 | V85: 2013 | W85: 2016 | X85: 2013, 2014, 2015, 2016 | Y85: https://doi.org/10.17190/AMF/2469440 | Z85: 2013 | AB85: ALB, CO2, D_SNOW, FC, FCH4, FCH4_SSITC_TEST, FC_SSITC_TEST, G, GPP, H, H2O, H_SSITC_TEST, LE, LE_SSITC_TEST, LW_IN, LW_OUT, MO_LENGTH, NEE, PA, PPFD_IN, PPFD_OUT, P_RAIN, RECO, RH, SC, SCH4, SH, SLE, SWC, SW_IN, SW_OUT, TA, TS, T_SONIC, USTAR, VPD, V_SIGMA, WD, WS, W_SIGMA, WS_MAX, ZL
A86: CA-SF1 | B86: Saskatchewan - Western Boreal, forest burned in 1977 | C86: Brian Amiro (Brian_Amiro@umanitoba.ca) | D86: CC-BY-4.0 | E86: Yes | F86: Yes | G86: ENF | H86: Evergreen Needleleaf Forests: Lands dominated by woody vegetation with a percent cover >60% and height exceeding 2 meters. Almost all trees remain green all year. Canopy is never without green foliage. | I86: Dfc | J86: Subarctic: severe winter, no dry season, cool summer | K86: 470 | L86: 0.4 | M86: Canada | N86: 54.485 | O86: -105.8176 | P86: 536 | Q86: 4 | R86: 2003 | S86: 2006 | T86: 2003, 2004, 2005, 2006 | U86: https://doi.org/10.17190/AMF/1246006 | V86: 2003 | W86: 2006 | X86: 2003, 2004, 2005, 2006 | Y86: https://doi.org/10.17190/AMF/1902831 | Z86: 2004 | AA86: 2006 | AB86: CO2, FC, G, H, H2O, LE, LW_IN, LW_OUT, NEE, NETRAD, PA, PPFD_IN, PPFD_OUT, P_RAIN, RH, SH, SWC, SW_IN, SW_OUT, TA, TS, USTAR, VPD, WD, WS
A87: CA-SF2 | B87: Saskatchewan - Western Boreal, forest burned in 1989 | C87: Brian Amiro (Brian_Amiro@umanitoba.ca) | D87: CC-BY-4.0 | E87: Yes | F87: Yes | G87: ENF | H87: Evergreen Needleleaf Forests: Lands dominated by woody vegetation with a percent cover >60% and height exceeding 2 meters. Almost all trees remain green all year. Canopy is never without green foliage. | I87: Dfc | J87: Subarctic: severe winter, no dry season, cool summer | K87: 470 | L87: 0.4 | M87: Canada | N87: 54.2539 | O87: -105.8775 | P87: 520 | Q87: 6 | R87: 2001 | S87: 2006 | T87: 2001, 2002, 2003, 2004, 2005, 2006 | U87: https://doi.org/10.17190/AMF/1246007 | V87: 2001 | W87: 2006 | X87: 2001, 2002, 2003, 2004, 2005, 2006 | Y87: https://doi.org/10.17190/AMF/2006961 | Z87: 2001 | AA87: 2005 | AB87: CO2, FC, G, H, H2O, LE, LW_IN, LW_OUT, NEE, NETRAD, P, PA, PPFD_IN, PPFD_OUT, RH, SC, SH, SLE, SWC, SW_IN, SW_OUT, TA, TS, USTAR, VPD, WD, WS
A88: CA-SF3 | B88: Saskatchewan - Western Boreal, forest burned in 1998 | C88: Brian Amiro (Brian_Amiro@umanitoba.ca) | D88: CC-BY-4.0 | E88: Yes | F88: No | G88: OSH | H88: Open Shrublands: Lands with woody vegetation less than 2 meters tall and with shrub canopy cover between 10-60%. The shrub foliage can be either evergreen or deciduous. | I88: Dfc | J88: Subarctic: severe winter, no dry season, cool summer | K88: 470 | L88: 0.4 | M88: Canada | N88: 54.0916 | O88: -106.0053 | P88: 540 | Q88: 6 | R88: 2001 | S88: 2006 | T88: 2001, 2002, 2003, 2004, 2005, 2006 | U88: https://doi.org/10.17190/AMF/1246008 | Z88: 2001 | AA88: 2006 | AB88: CO2, FC, G, H, H2O, LE, LW_IN, LW_OUT, NEE, NETRAD, PA, PPFD_IN, PPFD_OUT, P_RAIN, RH, SH, SWC, SW_IN, SW_OUT, TA, TS, USTAR, VPD, WD, WS
A89: CA-SJ1 | B89: Saskatchewan - Western Boreal, Jack Pine forest harvested in 1994 | C89: Alan Barr (alan.barr@usask.ca) | D89: CC-BY-4.0 | E89: Yes | F89: No | G89: ENF | H89: Evergreen Needleleaf Forests: Lands dominated by woody vegetation with a percent cover >60% and height exceeding 2 meters. Almost all trees remain green all year. Canopy is never without green foliage. | I89: Dfc | J89: Subarctic: severe winter, no dry season, cool summer | K89: 430.23 | L89: 0.13 | M89: Canada | N89: 53.908 | O89: -104.656 | P89: 580 | Q89: 11 | R89: 2000 | S89: 2010 | T89: 2000, 2001, 2002, 2003, 2004, 2005, 2006, 2007, 2008, 2009, 2010 | U89: https://doi.org/10.17190/AMF/1436320 | Z89: 2001 | AB89: D_SNOW, FC, G, H, LE, LEAF_WET, LW_IN, LW_OUT, NETRAD, PPFD_IN, PPFD_OUT, P_RAIN, RH, SWC, SW_IN, SW_OUT, TA, TS, TSN, USTAR, WD, WS
A90: CA-SJ2 | B90: Saskatchewan - Western Boreal, Jack Pine forest harvested in 2002 | C90: Alan Barr (alan.barr@usask.ca) | D90: CC-BY-4.0 | E90: Yes | F90: No | G90: ENF | H90: Evergreen Needleleaf Forests: Lands dominated by woody vegetation with a percent cover >60% and height exceeding 2 meters. Almost all trees remain green all year. Canopy is never without green foliage. | I90: Dfc | J90: Subarctic: severe winter, no dry season, cool summer | K90: 430.03 | L90: 0.11 | M90: Canada | N90: 53.945 | O90: -104.649 | P90: 580 | Q90: 9 | R90: 2002 | S90: 2010 | T90: 2002, 2003, 2004, 2005, 2006, 2007, 2008, 2009, 2010 | U90: https://doi.org/10.17190/AMF/1436321 | Z90: 2003 | AB90: CO2, D_SNOW, FC, G, GPP, H, H2O, LE, LEAF_WET, LW_IN, LW_OUT, NEE, NETRAD, P, PA, PPFD_IN, PPFD_OUT, P_RAIN, RECO, RH, SG, SH, SLE, SWC, SW_IN, SW_OUT, TA, TS, TSN, USTAR, WD, WS
A91: CA-SJ3 | B91: Saskatchewan - Western Boreal, Jack Pine forest harvested in 1975 (BOREAS Young Jack Pine) | C91: Alan Barr (alan.barr@usask.ca) | D91: Legacy | E91: Yes | F91: No | G91: ENF | H91: Evergreen Needleleaf Forests: Lands dominated by woody vegetation with a percent cover >60% and height exceeding 2 meters. Almost all trees remain green all year. Canopy is never without green foliage. | I91: Dfc | J91: Subarctic: severe winter, no dry season, cool summer | K91: 433.33 | L91: 0.13 | M91: Canada | N91: 53.8758 | O91: -104.6453 | Q91: 9 | R91: 2002 | S91: 2010 | T91: 2002, 2003, 2004, 2005, 2006, 2007, 2008, 2009, 2010 | U91: https://doi.org/10.17190/AMF/1436322 | Z91: 2004 | AB91: D_SNOW, FC, G, GPP, H, LE, LW_IN, LW_OUT, NEE, NETRAD, PPFD_IN, PPFD_OUT, P_RAIN, RECO, RH, SB, SH, SLE, SWC, SW_IN, SW_OUT, TA, T_BOLE, TS, TSN, USTAR, WD, WS
A92: CA-SMC | B92: Smith Creek | C92: Oliver Sonnentag (oliver.sonnentag@umontreal.ca) | D92: CC-BY-4.0 | E92: Yes | F92: No | G92: ENF | H92: Evergreen Needleleaf Forests: Lands dominated by woody vegetation with a percent cover >60% and height exceeding 2 meters. Almost all trees remain green all year. Canopy is never without green foliage. | I92: Dfc | J92: Subarctic: severe winter, no dry season, cool summer | K92: 388 | L92: -2.8 | M92: Canada | N92: 63.1534 | O92: -123.2522 | P92: 150 | Q92: 1 | R92: 2018 | S92: 2018 | T92: 2018 | U92: https://doi.org/10.17190/AMF/1767830 | Z92: 2017 | AA92: 2022 | AB92: CH4, CO2, FC, FCH4, FCH4_SSITC_TEST, FC_SSITC_TEST, GPP, H, H2O, H_SSITC_TEST, LE, LE_SSITC_TEST, LW_IN, LW_OUT, MO_LENGTH, NEE, PA, PPFD_IN, RECO, RH, SC, SCH4, SH, SLE, SW_IN, SW_OUT, TA, TS, T_SONIC, USTAR, VPD, V_SIGMA, WD, WS, W_SIGMA, ZL
A93: CA-TP1 | B93: Ontario - Turkey Point 2002 Plantation White Pine | C93: M. Altaf Arain (arainm@mcmaster.ca) | D93: CC-BY-4.0 | E93: Yes | F93: Yes | G93: ENF | H93: Evergreen Needleleaf Forests: Lands dominated by woody vegetation with a percent cover >60% and height exceeding 2 meters. Almost all trees remain green all year. Canopy is never without green foliage. | I93: Dfb | J93: Warm Summer Continental: significant precipitation in all seasons | K93: 1036 | L93: 8 | M93: Canada | N93: 42.6609 | O93: -80.5595 | P93: 265 | Q93: 16 | R93: 2002 | S93: 2017 | T93: 2002, 2003, 2004, 2005, 2006, 2007, 2008, 2009, 2010, 2011, 2012, 2013, 2014, 2015, 2016, 2017 | U93: https://doi.org/10.17190/AMF/1246009 | V93: 2002 | W93: 2017 | X93: 2002, 2003, 2004, 2005, 2006, 2007, 2008, 2009, 2010, 2011, 2012, 2013, 2014, 2015, 2016, 2017 | Y93: https://doi.org/10.17190/AMF/2006962 | Z93: 2003 | AB93: CO2, FC, G, GPP, H, H2O, LE, NEE, NETRAD, P, PA, PPFD_IN, PPFD_OUT, P_RAIN, RECO, RH, SC, SH, SWC, SW_IN, TA, TS, USTAR, VPD, V_SIGMA, WD, WS, W_SIGMA
A94: CA-TP2 | B94: Ontario - Turkey Point 1989 Plantation White Pine | C94: M. Altaf Arain (arainm@mcmaster.ca) | D94: CC-BY-4.0 | E94: Yes | F94: No | G94: ENF | H94: Evergreen Needleleaf Forests: Lands dominated by woody vegetation with a percent cover >60% and height exceeding 2 meters. Almost all trees remain green all year. Canopy is never without green foliage. | I94: Dfb | J94: Warm Summer Continental: significant precipitation in all seasons | K94: 1036 | L94: 8 | M94: Canada | N94: 42.7744 | O94: -80.4588 | P94: 212 | Q94: 7 | R94: 2002 | S94: 2008 | T94: 2002, 2003, 2004, 2005, 2006, 2007, 2008 | U94: https://doi.org/10.17190/AMF/1246010 | Z94: 2003 | AA94: 2008 | AB94: CO2, FC, G, GPP, H, H2O, LE, NEE, NETRAD, P, PA, PPFD_BC_IN, PPFD_IN, PPFD_OUT, RECO, RH, SC, SH, SWC, SW_IN, TA, TS, USTAR, VPD, V_SIGMA, WD, WS, W_SIGMA
A95: CA-TP3 | B95: Ontario - Turkey Point 1974 Plantation White Pine | C95: M. Altaf Arain (arainm@mcmaster.ca) | D95: CC-BY-4.0 | E95: Yes | F95: Yes | G95: ENF | H95: Evergreen Needleleaf Forests: Lands dominated by woody vegetation with a percent cover >60% and height exceeding 2 meters. Almost all trees remain green all year. Canopy is never without green foliage. | I95: Dfb | J95: Warm Summer Continental: significant precipitation in all seasons | K95: 1036 | L95: 8 | M95: Canada | N95: 42.7068 | O95: -80.3483 | P95: 184 | Q95: 16 | R95: 2002 | S95: 2017 | T95: 2002, 2003, 2004, 2005, 2006, 2007, 2008, 2009, 2010, 2011, 2012, 2013, 2014, 2015, 2016, 2017 | U95: https://doi.org/10.17190/AMF/1246011 | V95: 2002 | W95: 2017 | X95: 2002, 2003, 2004, 2005, 2006, 2007, 2008, 2009, 2010, 2011, 2012, 2013, 2014, 2015, 2016, 2017 | Y95: https://doi.org/10.17190/AMF/1881566 | Z95: 2003 | AB95: CO2, FC, G, GPP, H, H2O, LE, NEE, NETRAD, P, PA, PPFD_BC_IN, PPFD_IN, PPFD_OUT, RECO, RH, SC, SH, SWC, SW_IN, TA, TS, USTAR, VPD, V_SIGMA, WD, WS, W_SIGMA
A96: CA-TP4 | B96: Ontario - Turkey Point 1939 Plantation White Pine | C96: M. Altaf Arain (arainm@mcmaster.ca) | D96: CC-BY-4.0 | E96: Yes | F96: No | G96: ENF | H96: Evergreen Needleleaf Forests: Lands dominated by woody vegetation with a percent cover >60% and height exceeding 2 meters. Almost all trees remain green all year. Canopy is never without green foliage. | I96: Dfb | J96: Warm Summer Continental: significant precipitation in all seasons | K96: 1036 | L96: 8 | M96: Canada | N96: 42.7102 | O96: -80.3574 | P96: 184 | Q96: 16 | R96: 2002 | S96: 2017 | T96: 2002, 2003, 2004, 2005, 2006, 2007, 2008, 2009, 2010, 2011, 2012, 2013, 2014, 2015, 2016, 2017 | U96: https://doi.org/10.17190/AMF/1246012 | Z96: 2003 | AB96: CO2, D_SNOW, FC, G, GPP, H, H2O, LE, LW_IN, LW_OUT, NEE, NETRAD, P, PA, PPFD_BC_IN, PPFD_IN, PPFD_OUT, P_RAIN, RECO, RH, SC, SH, SWC, SW_IN, SW_OUT, TA, TS, USTAR, VPD, V_SIGMA, WD, WS, W_SIGMA, WTD
A97: CA-TPA | B97: Ontario Turkey Point Observatory Agricultural Site | C97: M. Altaf Arain (arainm@mcmaster.ca) | D97: CC-BY-4.0 | E97: No | F97: No | G97: CRO | H97: Croplands: Lands covered with temporary crops followed by harvest and a bare soil period (e.g., single and multiple cropping systems). Note that perennial woody crops will be classified as the appropriate forest or shrub land cover type. | K97: 956 | L97: 8.4 | M97: Canada | N97: 42.6947 | O97: -80.3487 | P97: 200 | Q97: 0 | Z97: 2020
A98: CA-TPD | B98: Ontario - Turkey Point Mature Deciduous | C98: M. Altaf Arain (arainm@mcmaster.ca) | D98: CC-BY-4.0 | E98: Yes | F98: Yes | G98: DBF | H98: Deciduous Broadleaf Forests: Lands dominated by woody vegetation with a percent cover >60% and height exceeding 2 meters. Consists of broadleaf tree communities with an annual cycle of leaf-on and leaf-off periods. | I98: Dfb | J98: Warm Summer Continental: significant precipitation in all seasons | K98: 1036 | L98: 8 | M98: Canada | N98: 42.6353 | O98: -80.5577 | P98: 260 | Q98: 6 | R98: 2012 | S98: 2017 | T98: 2012, 2013, 2014, 2015, 2016, 2017 | U98: https://doi.org/10.17190/AMF/1246152 | V98: 2012 | W98: 2017 | X98: 2012, 2013, 2014, 2015, 2016, 2017 | Y98: https://doi.org/10.17190/AMF/1881567 | Z98: 2012 | AB98: CO2, D_SNOW, FC, G, GPP, H, H2O, LE, LW_IN, LW_OUT, NEE, NETRAD, P, PA, PPFD_BC_IN, PPFD_IN, PPFD_OUT, P_RAIN, RECO, RH, SC, SH, SWC, SW_IN, SW_OUT, TA, TS, USTAR, VPD, V_SIGMA, WD, WS, W_SIGMA
A99: CA-TVC | B99: Trail Valley Creek | C99: Philip Marsh (pmarsh@wlu.ca) | D99: CC-BY-4.0 | E99: Yes | F99: No | G99: OSH | H99: Open Shrublands: Lands with woody vegetation less than 2 meters tall and with shrub canopy cover between 10-60%. The shrub foliage can be either evergreen or deciduous. | I99: Dfc | J99: Subarctic: severe winter, no dry season, cool summer | K99: 240.6 | L99: -8.2 | M99: Canada | N99: 68.7462 | O99: -133.5017 | P99: 85 | Q99: 1 | R99: 2017 | S99: 2017 | T99: 2017 | U99: https://doi.org/10.17190/AMF/1767831 | Z99: 2013 | AB99: ALB, CO2, D_SNOW, FC, FCH4, FCH4_SSITC_TEST, FC_SSITC_TEST, GPP, H, H2O, H_SSITC_TEST, LE, LE_SSITC_TEST, LW_IN, LW_OUT, MO_LENGTH, NEE, P, PA, RECO, RH, SC, SCH4, SH, SLE, SW_IN, SW_OUT, TA, T_SONIC, U_SIGMA, USTAR, VPD, V_SIGMA, WD, WS, W_SIGMA, ZL
A100: CA-WP1 | B100: Alberta - Western Peatland - LaBiche River,Black Spruce/Larch Fen | C100: Lawrence B. Flanagan (larry.flanagan@uleth.ca) | D100: Legacy | E100: Yes | F100: No | G100: WET | H100: Permanent Wetlands: Lands with a permanent mixture of water and herbaceous or woody vegetation that cover extensive areas. The vegetation can be present in either salt, brackish, or fresh water | I100: Dfc | J100: Subarctic: severe winter, no dry season, cool summer | K100: 461.07 | L100: 1.1 | M100: Canada | N100: 54.9538 | O100: -112.467 | P100: 540 | Q100: 7 | R100: 2003 | S100: 2009 | T100: 2003, 2004, 2005, 2006, 2007, 2008, 2009 | U100: https://doi.org/10.17190/AMF/1436323 | Z100: 2003 | AB100: CO2, D_SNOW, FC, GPP, H, H2O, LE, LW_IN, LW_OUT, NEE, NETRAD, PA, PPFD_DIF, PPFD_DIR, PPFD_IN, PPFD_OUT, P_RAIN, RECO, RH, SWC, SW_IN, SW_OUT, TA, TS, USTAR, WD, WS, WTD
...

Sheet OzFlux
A1: Name [Fluxnet] | B1: Landcover | C1: annual Rainfall | D1: Temp range °C | E1: Location | F1: Group | G1: Status | H1: Contact
E2: [Lat, Long] | I2: Last access | J2: Status | K2: Latest year available
A3: Adelaide River | E3: Savanna dominated by Eucalyptus tectifica and Planchonia careya.
A4: [AU-Adr] | E4: [-13.0769, 131.1178] | I4: https://data.ozflux.org.au/portal/pub/viewColDetails.jspx?collection.id=1882701&collection.owner.id=304&viewType=anonymous | J4: L3 | K4: 2009
A5: Alice Springs Mulga | B5: Semi-arid mulga (Acacia aneura) ecosystem | C5: 306mm | D5: =-4 - 46 -> -50 | E5: Pine Hill cattle station, near Alice Springs, Northern Territory | F5: James Cook University | G5: Running since September 2010 | H5: Jamie Cleverly | I5: 45600 | J5: L3,L6 | K5: 2023
A6: [AU-ASM] | E6: [-22.2828, 133.2493] | I6: https://data.ozflux.org.au/portal/pub/viewColDetails.jspx?collection.id=152&collection.owner.id=101&viewType=anonymous
A7: Alpine Peatland | B7: Alpine Sphagnum peatland | C7: 1274mm | D7: =-3 - 17 -> -20 | E7: Bogong High Plains near Falls Creek in the Victorian Alpine National Parks | F7: Royal Melbourne Institute of Technology | G7: Running since April 2017 | H7: Samantha Grover | I7: 45600 | J7: L3 | K7: 2022
A8: [AU-APL] | E8: [-36.8607, 147.3208] | I8: https://data.ozflux.org.au/portal/pub/viewColDetails.jspx?collection.id=1884200&collection.owner.id=2024253&viewType=anonymous
A9: Boyagin | B9: Wandoo woodland (surrounding area dominated by broadacre farming) | C9: 445mm | D9: 11841 | E9: Boyagin Nature Reserve 12km W of Pingelly, Western Australia | F9: University of Western Australia | G9: Running since September 2017 | H9: Jason Beringer | I9: 45600 | J9: L3 | K9: 2024
A10: [AU-Boy] | E10: [-32.4771, 116.9386] | I10: https://data.ozflux.org.au/portal/pub/viewColDetails.jspx?collection.id=1883606&collection.owner.id=304&viewType=anonymous
A11: Calperum | B11: Recovering Mallee woodland | C11: 240mm | D11: 16772 | E11: Calperum Station, 25km NW of Renmark, South Australia | F11: University of Adelaide | G11: Running since July 2010 | H11: Wayne Meyer | I11: 45600 | J11: L3 | K11: 2024
A12: [AU-Cpr] | E12: [-34.0027, 140.5877] | I12: https://data.ozflux.org.au/portal/pub/viewColDetails.jspx?collection.id=1882712&collection.owner.id=703&viewType=anonymous
A13: Cow Bay | B13: Complex mesophyll vine forest | C13: 4000mm | D13: 14550 | E13: Daintree Discovery Centre at Cow Bay, 100km from Cairns, Qld | F13: James Cook University | G13: Running since December 2008 | H13: Michael Liddell | I13: 45600 | J13: L3 | K13: 2024
A14: [AU-Cow] | E14: [-16.238189, 145.427150] | F14: (Cairns) | I14: https://data.ozflux.org.au/portal/pub/viewColDetails.jspx?collection.id=1882720&collection.owner.id=100&viewType=anonymous
F16: Daintree Discovery Centre
A17: Cumberland Plain | B17: Dry sclerophyll | C17: 800mm | D17: 47178 | E17: Hawkesbury Valley in central New South Wales | F17: Western Sydney University | G17: Running since September 2012 | H17: Elise Pendall | I17: 45600 | J17: L3,L6 | K17: 2024
A18: [AU-Cum] | E18: [-33.6152, 150.7236] | I18: https://data.ozflux.org.au/portal/pub/viewColDetails.jspx?collection.id=1883300&collection.owner.id=2021853&viewType=anonymous
A19: Daly River Uncleared | B19: Woodland savanna | C19: 1170mm | D19: 13850 | E19: Douglas River Daly River Esplanade Conservation area, approx. 60km south west of Pine Creek, Northern Territory | F19: University of Western Australia | G19: Running since February 2007 | H19: Jason Beringer, | I19: 45600 | J19: L1,L2,L3 | K19: 2024
A20: [AU-DaS] | E20: [-14.1592, 131.3881] | H20: Lindsay Hutley | I20: https://data.ozflux.org.au/portal/pub/viewColDetails.jspx?collection.id=1882715&collection.owner.id=304&viewType=anonymous
F21: Charles Darwin University
A22: Dry River | B22: Open forest savanna | C22: 895mm | D22: 14 - 37 | E22: approx. 89km south of Katherine, Northern Territory | F22: University of Western Australia | G22: Running since September 2008 | H22: Jason Beringer, | I22: 45600 | J22: L3 | K22: 2024
A23: [AU-Dry] | E23: [-15.2588, 132.3706] | H23: Lindsay Hutley | I23: https://data.ozflux.org.au/portal/pub/viewColDetails.jspx?collection.id=1882702&collection.owner.id=304&viewType=anonymous
F24: Charles Darwin University
A25: French Island | B25: Saltmarsh | C25: 540mm | D25: 14642 | E25: South west tip of Franch Island, Victoria | F25: Monash University | G25: Running since March 2019 | H25: Matthew Peck,
E26: [-38.3879, 145.2783] | H26: Leigh Burgess,
H27: Ruth Reef
A28: Gatum Pasture | B28: Grazing pasture (predominantly Phalaris aquatica L. and Trifolium subteraneum L.) | C28: 736mm | D28: =-1 - 40 -> -41 | E28: South western Victoria, approximately 260km west of Melbourne | F28: Monash University | G28: Running since January 2015 | H28: Edoardo Daly, | I28: 45600 | J28: L3 | K28: 2021
E29: [-37.3903, 141.9716] | H29: Ian McHugh | I29: https://data.ozflux.org.au/portal/pub/viewColDetails.jspx?collection.id=1884201&collection.owner.id=2024206&viewType=anonymous
F30: La Trobe University
A31: Gingin | B31: Coastal heath Banksia woodland | C31: 641mm | D31: 19 - 30 | E31: Swan Coastal Plain 70km north of Perth, Western Australia | F31: Edith Cowan University | G31: Running since June 2011 | H31: Richard Silberstein
A32: [AU-Gin] | E32: [-31.3764, 115.7139]
A33: Great Western Woodlands | B33: Temperate woodland, shrubland and mallee | C33: 240mm | D33: 12175 | E33: Credo Station, 110km NNW of Kalgoorlie, WA | F33: CSIRO Environment | G33: Active since December 2012 | H33: Craig Macfarlane, | I33: 45600 | J33: L1,L3 | K33: 2024
A34: [AU-GWW] | E34: [-30.1913, 120.6541] | H34: Suzanne Prober | I34: https://data.ozflux.org.au/portal/pub/viewColDetails.jspx?collection.id=750&collection.owner.id=2024852&viewType=anonymous
A35: Howard Springs | B35: Tropical savanna (wet) | C35: 1700mm | D35: 20 - 33 | E35: E of Darwin, NT | F35: University of Western Australia | G35: Running since August 2001 data available from 1997 | H35: Jason Beringer, | I35: 45600 | J35: L3 | K35: 2024
A36: [AU-How] | E36: [-12.4943, 131.1523] | H36: Lindsay Hutley | I36: https://data.ozflux.org.au/portal/pub/viewColDetails.jspx?collection.id=1882710&collection.owner.id=304&viewType=anonymous
F37: Charles Darwin University
A38: Kopuatai | B38: Raised peat bog | C38: 1262mm | E38: lower Hauraki plains of the North Island | F38: University of Waikato | G38: Running since November 2011 | H38: Dave Campbell | I38: 45600 | J38: L0 | K38: 2015
A39: [NZ-Kop] | E39: [-37.3880, 175.5540] | I39: https://data.ozflux.org.au/portal/pub/viewColDetails.jspx?collection.id=1883801&collection.owner.id=2023102&viewType=anonymous
A40: Litchfield | B40: Tropical savanna | E40: 80 km south of Darwin | F40: University of Western Australia | G40: Running since 2015 | H40: Jason Beringer, | I40: 45600 | J40: L3 | K40: 2024
A41: [AU-Lit] | E41: [-13.1790, 130.7945] | H41: Lindsay Hutley | I41: https://data.ozflux.org.au/portal/pub/viewColDetails.jspx?collection.id=1883302&collection.owner.id=304&viewType=anonymous
F42: Charles Darwin University
A43: Oxford | B43: Native vegetation regenerating in grassland | C43: 975mm | D43: =-4 - 34 -> -38 | E43: NW edge of the Canterbury plains, NZ | F43: Manaaki Whenua - Landcare Research | G43: Running since October 2005 | H43: John Hunt | I43: 45600 | J43: L5 | K43: 2010
A44: [NZ-Oxf] | E44: [-43.2619, 172.2108] | I44: https://data.ozflux.org.au/portal/pub/viewColDetails.jspx?collection.id=1883750&collection.owner.id=101&viewType=anonymous
A45: Ridgefield | B45: Dryland agriculture | C45: 446mm | D45: 5.5 - 31.9 | E45: 12km west Pingelly | F45: University of Western Australia | G45: Running since Jan 2015 | H45: Jason Beringer | I45: 45600 | J45: L3 | K45: 2024
A46: [AU-Rgf] | E46: [-32.5061, 116.9668] | I46: https://data.ozflux.org.au/portal/pub/viewColDetails.jspx?collection.id=1883400&collection.owner.id=304&viewType=anonymous
A47: Robson Creek | B47: Complex mesophyll vine forest | C47: 2236mm | D47: 12114 | E47: approx. 30km northwest of Atherton, Queensland | F47: James Cook University | G47: Running since August 2013 | H47: Michael Liddell | I47: 45600 | J47: L3 | K47: 2024
A48: [AU-Rob] | E48: [-17.1175, 145.6301] | F48: (Cairns) | I48: https://data.ozflux.org.au/portal/pub/viewColDetails.jspx?collection.id=1882719&collection.owner.id=100&viewType=anonymous
A49: Samford | B49: Improved pasture (Paspalum dilatum) | C49: 1102mm | D49: 13 - 26 | E49: approx. 3km from Samford village and 20km west of Brisbane CBD in SE Queensland | F49: Queensland University of Technology | G49: Running since June 2010 | H49: Peter Grace, Michelle Gane | I49: 45600 | J49: L3 | K49: 2022
A50: [AU-Sam] | E50: [-27.3881, 152.8778] | I50: https://data.ozflux.org.au/portal/pub/viewColDetails.jspx?collection.id=200&collection.owner.id=155&viewType=anonymous
A51: Scott Farm | B51: Pasture | C51: 1126mm | E51: 7km northeast of Hamilton on the North Island of New Zealand | F51: University of Waikato | G51: Running since December 2007 | H51: Dave Campbell,
A52: [NZ-Sco] | E52: [-37.46, 175.22] | H52: Louis Schipper
A53: Silver Plains | B53: Grassy sedgeland | C53: 900mm | D53: 42522 | E53: Interlaken on the Tasmanian central plateau | F53: University of Tasmania | G53: Running since December 2019 | H53: Mark Hovenden
A54: [AU-Sil] | E54: [-42.15, 147.13]
A55: Sturt Plains | B55: Low lying plain dominated by Mitchell Grass | C55: 640mm | D55: 14550 | E55: approx. 280km north of Tennant Creek, Northern Territory | F55: University of Western Australia | G55: Running since August 2008 | H55: Jason Beringer, | I55: 45600 | J55: L3 | K55: 2024
A56: [AU-Stp] | E56: [-17.1507, 133.3502] | H56: Lindsay Hutley | I56: https://data.ozflux.org.au/portal/pub/viewColDetails.jspx?collection.id=1882705&collection.owner.id=304&viewType=anonymous
F57: Charles Darwin University
A58: Ti Tree East | B58: Grassy mulga woodland and Corymbia/Triodia savanna | C58: 305mm | D58: =-4 - 46 -> -50 | E58: Pine Hill cattle station, Northern Territory | F58: James Cook University | G58: Running since July 2012 | H58: Jamie Cleverly | I58: 45600 | J58: L3 | K58: 2022
A59: [AU-TTE] | E59: [-22.2870, 133.6400] | I59: https://data.ozflux.org.au/portal/pub/viewColDetails.jspx?collection.id=704&collection.owner.id=101&viewType=anonymous
A60: Tumbarumba | B60: Wet temperate sclerophyll eucalypt | C60: 1000mm | D60: =-10 - 30 -> -40 | E60: Near Tumbarumba, NSW | F60: University of Queensland | G60: Running since May 2000 | H60: William Woodgate | I60: 45600 | J60: L3 | K60: 2022
A61: [AU-Tum] | E61: [-35.6566, 148.1517] | I61: https://data.ozflux.org.au/portal/pub/viewColDetails.jspx?collection.id=1882717&collection.owner.id=2022264&viewType=anonymous
A62: Warra | B62: Eucalyptus obliqua forest | C62: 1700mm | D62: 43678 | E62: South western Tasmania | F62: University of Tasmania | G62: Running since March 2013 | H62: Tim Wardlaw, | I62: 45600 | J62: L3 | K62: 2022
A63: [AU-Wrr] | E63: [-43.0950, 146.6545] | H63: Alison Phillips | I63: https://data.ozflux.org.au/portal/pub/viewColDetails.jspx?collection.id=1883200&collection.owner.id=2021751&viewType=anonymous
A64: Whroo | B64: Box woodland | C64: 558mm | D64: 11018 | E64: Approx. 45km south west of Shepparton, Vic. | F64: University of Western Australia | G64: Running since October 2011 | H64: Jason Beringer, | I64: 45600 | J64: L3 | K64: 2024
A65: [AU-Whr] | E65: [-36.6732, 145.0294] | H65: Stefan Arndt | I65: https://data.ozflux.org.au/portal/pub/viewColDetails.jspx?collection.id=1882707&collection.owner.id=304&viewType=anonymous
A66: Wombat | B66: Dry sclerophyll eucalypt forest | C66: 650mm | D66: 10959 | E66: Wombat State Forest, 100km west of Melbourne, Vic. | F66: University of Melbourne | G66: Running since January 2010 | H66: Stefan Arndt, | I66: 45600 | J66: L3 | K66: 2020
A67: [AU-Wom] | E67: [-37.4222, 144.0944] | H67: Nina Hinko-Najera | I67: https://data.ozflux.org.au/portal/pub/viewColDetails.jspx?collection.id=1882713&collection.owner.id=2021351&viewType=anonymous
F68: Monash University
F70: Department of Sustainability and Environment of Victoria
A71: Yanco | B71: Topographically flat area, comprised of various soil types | C71: 465mm | D71: 13850 | E71: Yanco region of New South Wales | F71: University of Western Australia | G71: Running since April 2012 | H71: Jason Beringer | I71: 45600 | J71: L3 | K71: 2024
A72: [AU-Ync] | E72: [-34.9893, 146.2907] | I72: https://data.ozflux.org.au/portal/pub/viewColDetails.jspx?collection.id=1882711&collection.owner.id=304&viewType=anonymous
A73: Yarramundi | B73: Pasture (native and exotic herbaceous perennials) | C73: 728mm | D73: 3.6 - 30.4 | E73: Hawkesbury Valley in central New South Wales | F73: Western Sydney University | G73: Running since October 2019 | H73: Elise Pendall | I73: 45600 | J73: L3 | K73: 2024
E74: [-33.6135, 150.7349] & [-33.6208, 150.7633] | I74: https://data.ozflux.org.au/portal/pub/viewColDetails.jspx?collection.id=1884051&collection.owner.id=2021653&viewType=anonymous
I75: https://data.ozflux.org.au/portal/pub/viewColDetails.jspx?collection.id=1884052&collection.owner.id=2021653&viewType=anonymous
A76: AU-Lon | I76: https://data.ozflux.org.au/portal/pub/viewColDetails.jspx?collection.id=1882723&collection.owner.id=450&viewType=anonymous
A77: AU-War | I77: https://data.ozflux.org.au/portal/pub/viewColDetails.jspx?collection.id=1882723&collection.owner.id=450&viewType=anonymous

Sheet ICOS
A1: Site | B1: Period | C1: Dataset | D1: x | E1: y | F1: metadata
A2: BE-Lon | B2: 2004-2018 | C2: ICOS-Drought | D2: 4.746202 | E2: 50.551338 | F2: =_xlfn.CONCAT("https://meta.icos-cp.eu/resources/stations/ES_",A2) -> https://meta.icos-cp.eu/resources/stations/ES_BE-Lon
A3: DE-Hte | B3: 2009-2018 | C3: ICOS-Drought | D3: 12.176111 | E3: 54.210278 | F3: =_xlfn.CONCAT("https://meta.icos-cp.eu/resources/stations/ES_",A3) -> https://meta.icos-cp.eu/resources/stations/ES_DE-Hte
A4: FR-EM2 | B4: 2017-2018 | C4: ICOS-Drought | D4: 3.02065 | E4: 49.87211 | F4: =_xlfn.CONCAT("https://meta.icos-cp.eu/resources/stations/ES_",A4) -> https://meta.icos-cp.eu/resources/stations/ES_FR-EM2
A5: NL-Loo | B5: 1996-2018 | C5: ICOS-Drought | D5: 5.74355 | E5: 52.166447 | F5: =_xlfn.CONCAT("https://meta.icos-cp.eu/resources/stations/ES_",A5) -> https://meta.icos-cp.eu/resources/stations/ES_NL-Loo
A6: SE-Lnn | B6: 2014-2018 | C6: ICOS-Drought | D6: 13.10177 | E6: 58.34063 | F6: =_xlfn.CONCAT("https://meta.icos-cp.eu/resources/stations/ES_",A6) -> https://meta.icos-cp.eu/resources/stations/ES_SE-Lnn
A7: BE-Bra | B7: 1996-2020 | C7: ICOS-WW | D7: 4.520098 | E7: 51.30701 | F7: =_xlfn.CONCAT("https://meta.icos-cp.eu/resources/stations/ES_",A7) -> https://meta.icos-cp.eu/resources/stations/ES_BE-Bra
A8: BE-Dor | B8: 2011-2020 | C8: ICOS-WW | D8: 4.968113 | E8: 50.311874 | F8: =_xlfn.CONCAT("https://meta.icos-cp.eu/resources/stations/ES_",A8) -> https://meta.icos-cp.eu/resources/stations/ES_BE-Dor
A9: BE-Lcr | B9: 2019-2020 | C9: ICOS-WW | D9: 3.85043 | E9: 51.11218 | F9: =_xlfn.CONCAT("https://meta.icos-cp.eu/resources/stations/ES_",A9) -> https://meta.icos-cp.eu/resources/stations/ES_BE-Lcr
A10: BE-Lon | B10: 2004-2020 | C10: ICOS-WW | D10: 4.746202 | E10: 50.551338 | F10: =_xlfn.CONCAT("https://meta.icos-cp.eu/resources/stations/ES_",A10) -> https://meta.icos-cp.eu/resources/stations/ES_BE-Lon
A11: BE-Maa | B11: 2016-2020 | C11: ICOS-WW | D11: 5.630835 | E11: 50.980054 | F11: =_xlfn.CONCAT("https://meta.icos-cp.eu/resources/stations/ES_",A11) -> https://meta.icos-cp.eu/resources/stations/ES_BE-Maa
A12: BE-Vie | B12: 1996-2020 | C12: ICOS-WW | D12: 5.99871 | E12: 50.306918 | F12: =_xlfn.CONCAT("https://meta.icos-cp.eu/resources/stations/ES_",A12) -> https://meta.icos-cp.eu/resources/stations/ES_BE-Vie
A13: CH-Aws | B13: 2006-2020 | C13: ICOS-WW | D13: 9.790417 | E13: 46.583306 | F13: =_xlfn.CONCAT("https://meta.icos-cp.eu/resources/stations/ES_",A13) -> https://meta.icos-cp.eu/resources/stations/ES_CH-Aws
... A79: SE-Svb | B79: 2014-2020 | C79: ICOS-WW | D79: 19.776502 | E79: 64.256305 | F79: =_xlfn.CONCAT("https://meta.icos-cp.eu/resources/stations/ES_",A79) -> https://meta.icos-cp.eu/resources/stations/ES_SE-Svb

Sheet FLUXNET2015
A1: https://fluxnet.org/sites/site-list-and-pages/
A2: SITE_ID | B2: SITE_NAME | C2: FLUXNET2015 | D2: FLUXNET-CH4 | E2: LOCATION_LAT | F2: LOCATION_LONG | G2: LOCATION_ELEV | H2: IGBP | I2: MAT | J2: MAP
A3: AR-SLu | B3: San Luis | C3: CC-BY-4.0 | E3: -33.4648 | F3: -66.4598 | H3: MF | J3: 400
A4: AR-Vir | B4: Virasoro | C4: CC-BY-4.0 | E4: -28.2395 | F4: -56.1886 | H4: ENF
A5: AT-Neu | B5: Neustift | C5: CC-BY-4.0 | D5: CC-BY-4.0 | E5: 47.1167 | F5: 11.3175 | G5: 970 | H5: GRA | I5: 6.5 | J5: 852
A6: AU-ASM | B6: Alice Springs | C6: CC-BY-4.0 | E6: -22.283 | F6: 133.249 | H6: SAV
A7: AU-Ade | B7: Adelaide River | C7: CC-BY-4.0 | E7: -13.0769 | F7: 131.1178 | H7: WSA
A8: AU-Cpr | B8: Calperum | C8: CC-BY-4.0 | E8: -34.0021 | F8: 140.5891 | H8: SAV
A9: AU-Cum | B9: Cumberland Plain | C9: CC-BY-4.0 | E9: -33.6152 | F9: 150.7236 | H9: EBF
A10: AU-DaP | B10: Daly River Pasture | C10: CC-BY-4.0 | E10: -14.0633 | F10: 131.3181 | H10: GRA | I10: 27.25 | J10: 983.78
A11: AU-DaS | B11: Daly River Savanna | C11: CC-BY-4.0 | E11: -14.1593 | F11: 131.3881 | H11: SAV | I11: 27.22 | J11: 975.82
A12: AU-Dry | B12: Dry River | C12: CC-BY-4.0 | E12: -15.2588 | F12: 132.3706 | H12: SAV
A13: AU-Emr | B13: Emerald | C13: CC-BY-4.0 | E13: -23.8587 | F13: 148.4746 | H13: GRA
A14: AU-Fog | B14: Fogg Dam | C14: CC-BY-4.0 | E14: -12.5452 | F14: 131.3072 | H14: WET | I14: 27.02 | J14: 1323.69
A15: AU-GWW | B15: Great Western Woodlands, Western Australia, Australia | C15: CC-BY-4.0 | E15: -30.1913 | F15: 120.6541 | H15: SAV
A16: AU-Gin | B16: Gingin | C16: CC-BY-4.0 | E16: -31.3764 | F16: 115.7138 | H16: WSA
A17: AU-How | B17: Howard Springs | C17: CC-BY-4.0 | E17: -12.4943 | F17: 131.1523 | H17: WSA | I17: 27.01 | J17: 1449.35
A18: AU-Lox | B18: Loxton | C18: CC-BY-4.0 | E18: -34.4704 | F18: 140.6551 | H18: DBF
A19: AU-RDF | B19: Red Dirt Melon Farm, Northern Territory | C19: CC-BY-4.0 | E19: -14.5636 | F19: 132.4776 | H19: WSA
A20: AU-Rig | B20: Riggs Creek | C20: CC-BY-4.0 | E20: -36.6499 | F20: 145.5759 | H20: GRA
A21: AU-Rob | B21: Robson Creek, Queensland, Australia | C21: CC-BY-4.0 | E21: -17.1175 | F21: 145.6301 | H21: EBF
A22: AU-Stp | B22: Sturt Plains | C22: CC-BY-4.0 | E22: -17.1507 | F22: 133.3502 | H22: GRA
A23: AU-TTE | B23: Ti Tree East | C23: CC-BY-4.0 | E23: -22.287 | F23: 133.64 | H23: GRA
A24: AU-Tum | B24: Tumbarumba | C24: CC-BY-4.0 | E24: -35.6566 | F24: 148.1517 | G24: 1200 | H24: EBF | I24: 10.72 | J24: 1159.01
A25: AU-Wac | B25: Wallaby Creek | C25: CC-BY-4.0 | E25: -37.4259 | F25: 145.1878 | H25: EBF | I25: 12.76 | J25: 1105.59
A26: AU-Whr | B26: Whroo | C26: CC-BY-4.0 | E26: -36.6732 | F26: 145.0294 | H26: EBF
A27: AU-Wom | B27: Wombat | C27: CC-BY-4.0 | E27: -37.4222 | F27: 144.0944 | G27: 705 | H27: EBF
A28: AU-Ync | B28: Jaxa | C28: CC-BY-4.0 | E28: -34.9893 | F28: 146.2907 | H28: GRA
A29: BE-Bra | B29: Brasschaat | C29: CC-BY-4.0 | E29: 51.3076 | F29: 4.5198 | G29: 16 | H29: MF | I29: 9.8 | J29: 750
A30: BE-Lon | B30: Lonzee | C30: CC-BY-4.0 | E30: 50.5516 | F30: 4.7462 | G30: 167 | H30: CRO | I30: 10 | J30: 800
A31: BE-Vie | B31: Vielsalm | C31: CC-BY-4.0 | E31: 50.3049 | F31: 5.9981 | G31: 493 | H31: MF | I31: 7.8 | J31: 1062
A32: BR-Npw | B32: Northern Pantanal Wetland | D32: CC-BY-4.0 | E32: -16.498 | F32: -56.412 | G32: 120 | H32: WSA | I32: 24.9 | J32: 1486
A33: BR-Sa1 | B33: Santarem-Km67-Primary Forest | C33: CC-BY-4.0 | E33: -2.8567 | F33: -54.9589 | G33: 88 | H33: EBF | I33: 26.13 | J33: 2074.79
A34: BR-Sa3 | B34: Santarem-Km83-Logged Forest | C34: CC-BY-4.0 | E34: -3.018 | F34: -54.9714 | G34: 100 | H34: EBF | I34: 26.12 | J34: 2043.77
A35: BW-Gum | B35: Guma | D35: CC-BY-4.0 | E35: -18.9647 | F35: 22.3711 | G35: 950 | H35: WET | I35: 21 | J35: 460
A36: BW-Nxr | B36: Nxaraga | D36: CC-BY-4.0 | E36: -19.5481 | F36: 23.1792 | G36: 950 | H36: GRA | I36: 21 | J36: 460
A37: CA-Gro | B37: Ontario - Groundhog River, Boreal Mixedwood Forest | C37: CC-BY-4.0 | E37: 48.2167 | F37: -82.1556 | G37: 340 | H37: MF | I37: 1.3 | J37: 831
A38: CA-Man | B38: Manitoba - Northern Old Black Spruce (former BOREAS Northern Study Area) | C38: CC-BY-4.0 | E38: 55.8796 | F38: -98.4808 | G38: 259 | H38: ENF | I38: -3.2 | J38: 520
A39: CA-NS1 | B39: UCI-1850 burn site | C39: CC-BY-4.0 | E39: 55.8792 | F39: -98.4839 | G39: 260 | H39: ENF | I39: -2.89 | J39: 500.29
A40: CA-NS2 | B40: UCI-1930 burn site | C40: CC-BY-4.0 | E40: 55.9058 | F40: -98.5247 | G40: 260 | H40: ENF | I40: -2.88 | J40: 499.82
A41: CA-NS3 | B41: UCI-1964 burn site | C41: CC-BY-4.0 | E41: 55.9117 | F41: -98.3822 | G41: 260 | H41: ENF | I41: -2.87 | J41: 502.22
A42: CA-NS4 | B42: UCI-1964 burn site wet | C42: CC-BY-4.0 | E42: 55.9144 | F42: -98.3806 | G42: 260 | H42: ENF | I42: -2.87 | J42: 502.22
A43: CA-NS5 | B43: UCI-1981 burn site | C43: CC-BY-4.0 | E43: 55.8631 | F43: -98.485 | G43: 260 | H43: ENF | I43: -2.86 | J43: 500.34
A44: CA-NS6 | B44: UCI-1989 burn site | C44: CC-BY-4.0 | E44: 55.9167 | F44: -98.9644 | G44: 244 | H44: OSH | I44: -3.08 | J44: 495.37
A45: CA-NS7 | B45: UCI-1998 burn site | C45: CC-BY-4.0 | E45: 56.6358 | F45: -99.9483 | G45: 297 | H45: OSH | I45: -3.52 | J45: 483.27
A46: CA-Oas | B46: Saskatchewan - Western Boreal, Mature Aspen | C46: CC-BY-4.0 | E46: 53.6289 | F46: -106.1978 | G46: 530 | H46: DBF | I46: 0.34 | J46: 428.53
A47: CA-Obs | B47: Saskatchewan - Western Boreal, Mature Black Spruce | C47: CC-BY-4.0 | E47: 53.9872 | F47: -105.1178 | G47: 628.94 | H47: ENF | I47: 0.79 | J47: 405.6
A48: CA-Qfo | B48: Quebec - Eastern Boreal, Mature Black Spruce | C48: CC-BY-4.0 | E48: 49.6925 | F48: -74.3421 | G48: 382 | H48: ENF | I48: -0.36 | J48: 962.32
A49: CA-SCB | B49: Scotty Creek Bog | D49: CC-BY-4.0 | E49: 61.3089 | F49: -121.2984 | G49: 280 | H49: WET | I49: -2.8 | J49: 388
A50: CA-SCC | B50: Scotty Creek Landscape | D50: CC-BY-4.0 | E50: 61.3079 | F50: -121.2992 | G50: 285 | H50: ENF | I50: -2.8 | J50: 387.6
A51: CA-SF1 | B51: Saskatchewan - Western Boreal, forest burned in 1977 | C51: CC-BY-4.0 | E51: 54.485 | F51: -105.8176 | G51: 536 | H51: ENF | I51: 0.4 | J51: 470
A52: CA-SF2 | B52: Saskatchewan - Western Boreal, forest burned in 1989 | C52: CC-BY-4.0 | E52: 54.2539 | F52: -105.8775 | G52: 520 | H52: ENF | I52: 0.4 | J52: 470
A53: CA-SF3 | B53: Saskatchewan - Western Boreal, forest burned in 1998 | C53: CC-BY-4.0 | E53: 54.0916 | F53: -106.0053 | G53: 540 | H53: OSH | I53: 0.4 | J53: 470
A54: CA-TP1 | B54: Ontario - Turkey Point 2002 Plantation White Pine | C54: CC-BY-4.0 | E54: 42.6609 | F54: -80.5595 | G54: 265 | H54: ENF | I54: 8 | J54: 1036
A55: CA-TP2 | B55: Ontario - Turkey Point 1989 Plantation White Pine | C55: CC-BY-4.0 | E55: 42.7744 | F55: -80.4588 | G55: 212 | H55: ENF | I55: 8 | J55: 1036
A56: CA-TP3 | B56: Ontario - Turkey Point 1974 Plantation White Pine | C56: CC-BY-4.0 | E56: 42.7068 | F56: -80.3483 | G56: 184 | H56: ENF | I56: 8 | J56: 1036
A57: CA-TP4 | B57: Ontario - Turkey Point 1939 Plantation White Pine | C57: CC-BY-4.0 | E57: 42.7102 | F57: -80.3574 | G57: 184 | H57: ENF | I57: 8 | J57: 1036
A58: CA-TPD | B58: Ontario - Turkey Point Mature Deciduous | C58: CC-BY-4.0 | E58: 42.6353 | F58: -80.5577 | G58: 260 | H58: DBF | I58: 8 | J58: 1036
A59: CG-Tch | B59: Tchizalamou | C59: CC-BY-4.0 | E59: -4.2892 | F59: 11.6564 | G59: 82 | H59: SAV | I59: 25.7 | J59: 1150
A60: CH-Cha | B60: Chamau | C60: CC-BY-4.0 | D60: CC-BY-4.0 | E60: 47.2102 | F60: 8.4104 | G60: 393 | H60: GRA | I60: 9.5 | J60: 1136
A61: CH-Dav | B61: Davos | C61: CC-BY-4.0 | D61: CC-BY-4.0 | E61: 46.8153 | F61: 9.8559 | G61: 1639 | H61: ENF | I61: 2.8 | J61: 1062
A62: CH-Fru | B62: Früebüel | C62: CC-BY-4.0 | E62: 47.1158 | F62: 8.5378 | G62: 982 | H62: GRA | I62: 7.2 | J62: 1651
A63: CH-Lae | B63: Laegern | C63: CC-BY-4.0 | E63: 47.4783 | F63: 8.3644 | G63: 689 | H63: MF | I63: 8.3 | J63: 1100
A64: CH-Oe1 | B64: Oensingen grassland | C64: CC-BY-4.0 | E64: 47.2858 | F64: 7.7319 | G64: 450 | H64: GRA | I64: 9 | J64: 1100
A65: CH-Oe2 | B65: Oensingen crop | C65: CC-BY-4.0 | D65: CC-BY-4.0 | E65: 47.2864 | F65: 7.7337 | G65: 452 | H65: CRO | I65: 9.8 | J65: 1155
A66: CN-Cha | B66: Changbaishan | C66: CC-BY-4.0 | E66: 42.4025 | F66: 128.0958 | H66: MF | I66: 2.16 | J66: 663.59
A67: CN-Cng | B67: Changling | C67: CC-BY-4.0 | E67: 44.5934 | F67: 123.5092 | H67: GRA
A68: CN-Dan | B68: Dangxiong | C68: CC-BY-4.0 | E68: 30.4978 | F68: 91.0664 | H68: GRA | I68: -1.54 | J68: 246.88
A69: CN-Din | B69: Dinghushan | C69: CC-BY-4.0 | E69: 23.1733 | F69: 112.5361 | H69: EBF | I69: 19.64 | J69: 1618.1
A70: CN-Du2 | B70: Duolun_grassland (D01) | C70: CC-BY-4.0 | E70: 42.0467 | F70: 116.2836 | H70: GRA | I70: 2.01 | J70: 318.96
A71: CN-Du3 | B71: Duolun Degraded Meadow | C71: CC-BY-4.0 | E71: 42.0551 | F71: 116.2809 | H71: GRA
A72: CN-Ha2 | B72: Haibei Shrubland | C72: CC-BY-4.0 | E72: 37.6086 | F72: 101.3269 | H72: WET
A73: CN-HaM | B73: Haibei Alpine Tibet site | C73: CC-BY-4.0 | E73: 37.37 | F73: 101.18 | H73: GRA
A74: CN-Hgu | B74: Hongyuan | D74: CC-BY-4.0 | E74: 32.8453 | F74: 102.59 | G74: 3500 | H74: GRA | I74: 1.5 | J74: 747
A75: CN-Qia | B75: Qianyanzhou | C75: CC-BY-4.0 | E75: 26.7414 | F75: 115.0581 | H75: ENF | I75: 18.95 | J75: 1466.75
A76: CN-Sw2 | B76: Siziwang Grazed (SZWG) | C76: CC-BY-4.0 | E76: 41.7902 | F76: 111.8971 | H76: GRA
A77: CZ-BK1 | B77: Bily Kriz forest | C77: CC-BY-4.0 | E77: 49.5021 | F77: 18.5369 | G77: 875 | H77: ENF | I77: 6.7 | J77: 1316
A78: CZ-BK2 | B78: Bily Kriz grassland | C78: CC-BY-4.0 | E78: 49.4944 | F78: 18.5429 | G78: 855 | H78: GRA | I78: 6.7 | J78: 1316
A79: CZ-wet | B79: Trebon (CZECHWET) | C79: CC-BY-4.0 | E79: 49.0247 | F79: 14.7704 | G79: 426 | H79: WET | I79: 7.7 | J79: 604
A80: DE-Akm | B80: Anklam | C80: CC-BY-4.0 | E80: 53.8662 | F80: 13.6834 | G80: -1 | H80: WET | I80: 8.7 | J80: 558
A81: DE-Dgw | B81: Dagowsee | D81: CC-BY-4.0 | E81: 53.1514 | F81: 13.0543 | G81: 60 | H81: WAT | I81: 9.02 | J81: 602.9
A82: DE-Geb | B82: Gebesee | C82: CC-BY-4.0 | E82: 51.0997 | F82: 10.9146 | G82: 161.5 | H82: CRO | I82: 8.5 | J82: 470
A83: DE-Gri | B83: Grillenburg | C83: CC-BY-4.0 | E83: 50.95 | F83: 13.5126 | G83: 385 | H83: GRA | I83: 7.8 | J83: 901
A84: DE-Hai | B84: Hainich | C84: CC-BY-4.0 | E84: 51.0792 | F84: 10.4522 | G84: 430 | H84: DBF | I84: 8.3 | J84: 720
A85: DE-Hte | B85: Huetelmoor | D85: CC-BY-4.0 | E85: 54.2103 | F85: 12.1761 | G85: 0.2 | H85: WET | I85: 9.2 | J85: 645
A86: DE-Kli | B86: Klingenberg | C86: CC-BY-4.0 | E86: 50.8931 | F86: 13.5224 | G86: 478 | H86: CRO | I86: 7.6 | J86: 842
A87: DE-Lkb | B87: Lackenberg | C87: CC-BY-4.0 | E87: 49.0996 | F87: 13.3047 | G87: 1308 | H87: ENF | I87: 4 | J87: 1599
A88: DE-Lnf | B88: Leinefelde | C88: CC-BY-4.0 | E88: 51.3282 | F88: 10.3678 | G88: 451 | H88: DBF | I88: 6.96 | J88: 894.6
A89: DE-Obe | B89: Oberbärenburg | C89: CC-BY-4.0 | E89: 50.7867 | F89: 13.7213 | G89: 734 | H89: ENF | I89: 5.5 | J89: 996
A90: DE-RuR | B90: Rollesbroich | C90: CC-BY-4.0 | E90: 50.6219 | F90: 6.3041 | G90: 514.7 | H90: GRA | I90: 7.7 | J90: 1033
A91: DE-RuS | B91: Selhausen Juelich | C91: CC-BY-4.0 | E91: 50.8659 | F91: 6.4471 | G91: 102.755 | H91: CRO | I91: 10 | J91: 700
A92: DE-Seh | B92: Selhausen | C92: CC-BY-4.0 | E92: 50.8706 | F92: 6.4497 | G92: 103 | H92: CRO | I92: 9.9 | J92: 693
A93: DE-SfN | B93: Schechenfilz Nord | C93: CC-BY-4.0 | D93: CC-BY-4.0 | E93: 47.8064 | F93: 11.3275 | G93: 590 | H93: WET | I93: 8.6 | J93: 1127
A94: DE-Spw | B94: Spreewald | C94: CC-BY-4.0 | E94: 51.8922 | F94: 14.0337 | G94: 61 | H94: WET | I94: 8.7 | J94: 558
A95: DE-Tha | B95: Tharandt | C95: CC-BY-4.0 | E95: 50.9626 | F95: 13.5651 | G95: 385 | H95: ENF | I95: 8.2 | J95: 843
A96: DE-Zrk | B96: Zarnekow | C96: CC-BY-4.0 | D96: CC-BY-4.0 | E96: 53.8759 | F96: 12.889 | G96: 0 | H96: WET | I96: 8.7 | J96: 584
A97: DK-Eng | B97: Enghave | C97: CC-BY-4.0 | E97: 55.6905 | F97: 12.1918 | G97: 10 | H97: GRA | I97: 8 | J97: 613
A98: DK-Fou | B98: Foulum | C98: CC-BY-4.0 | E98: 56.4842 | F98: 9.5872 | G98: 51 | H98: CRO | I98: 8
A99: DK-Sor | B99: Soroe | C99: CC-BY-4.0 | E99: 55.4859 | F99: 11.6446 | G99: 40 | H99: DBF | I99: 8.2 | J99: 660
A100: ES-Amo | B100: Amoladeras | C100: CC-BY-4.0 | E100: 36.8336 | F100: -2.2523 | G100: 58 | H100: OSH | J100: 0
...
